CustomerID,CustomerName,Segment,Region,City,State,SignupDate,AgeGroup
CUST0001,Sanjay Rao,Consumer,North,Jaipur,Rajasthan,2023-06-10,26-35
CUST0002,Varun Reddy,Home Office,West,Surat,Gujarat,2025-01-21,36-50
CUST0003,Sanjay Mehta,Home Office,West,Ahmedabad,Gujarat,2025-05-11,26-35
CUST0004,Vikram Kulkarni,Consumer,West,Pune,Maharashtra,2023-09-22,18-25
CUST0005,Rahul Kulkarni,Corporate,West,Mumbai,Maharashtra,2024-11-06,18-25
CUST0006,Sneha Joshi,Corporate,West,Mumbai,Maharashtra,2025-06-29,36-50
CUST0007,Harini Khan,Consumer,South,Bengaluru,Karnataka,2025-07-02,36-50
CUST0008,  vikram menon  ,Home Office,North,Jaipur,Rajasthan,2023-06-25,36-50
CUST0009,Sanjay Gupta,Corporate,East,Guwahati,Assam,2023-09-12,51+
CUST0010,Karthik Bose,Corporate,West,Pune,Maharashtra,2024-09-24,36-50
CUST0011,Kavya Menon,Consumer,East,Guwahati,Assam,2023-05-10,26-35
CUST0012,Akash Nair,Corporate,South,Chennai,Tamil Nadu,2025-11-27,36-50
CUST0013,Aarav Iyer,Consumer,North,Chandigarh,Chandigarh,2025-09-04,26-35
CUST0014,Lakshmi Verma,Home Office,South,Chennai,Tamil Nadu,2024-11-24,36-50
CUST0015,Diya Pillai,Corporate,South,Coimbatore,Tamil Nadu,2024-09-16,51+
CUST0016,Ananya Menon,Consumer,North,Jaipur,Rajasthan,2023-11-11,18-25
CUST0017,Varun Rao,Consumer,West,Surat,Gujarat,2025-10-21,26-35
CUST0018,Aditya Mehta,Consumer,South,Hyderabad,Telangana,2025-01-15,51+
CUST0019,Ishaan Pillai,Consumer,West,Ahmedabad,Gujarat,2023-06-28,36-50
CUST0020,Aarav Pillai,Consumer,North,Lucknow,Uttar Pradesh,2025-11-30,26-35
CUST0021,Varun Nair,Home Office,West,Ahmedabad,Gujarat,2025-11-12,36-50
CUST0022,Diya Kulkarni,Consumer,East,Kolkata,West Bengal,2025-02-13,18-25
CUST0023,Diya Naidu,consumer,East,Guwahati,Assam,2024-03-23,36-50
CUST0024,Lakshmi Pillai,Corporate,South,Coimbatore,Tamil Nadu,2024-11-26,26-35
CUST0025,Aditya Rao,Consumer,North,Chandigarh,Chandigarh,2025-12-16,26-35
CUST0026,Arjun Mehta,Home Office,South,Coimbatore,Tamil Nadu,2025-07-27,26-35
CUST0027,Sanjay Gupta,Consumer,North,Delhi,Delhi,2024-08-19,36-50
CUST0028,Manoj Menon,Consumer,West,Pune,Maharashtra,2023-11-15,36-50
CUST0029,Rohan Kulkarni,Consumer,West,Mumbai,Maharashtra,2023-04-17,36-50
CUST0030,Rahul Sharma,Consumer,West,Mumbai,Maharashtra,2025-03-19,36-50
CUST0031,Priya Mishra,Home Office,South,Bengaluru,Karnataka,2023-05-09,51+
CUST0032,Pooja Nair,Consumer,North,Delhi,Delhi,2025-05-13,26-35
CUST0033,Ananya Das,Consumer,North,Delhi,Delhi,2023-12-18,18-25
CUST0034,Meera Bose,Consumer,West,Ahmedabad,Gujarat,2023-01-29,18-25
CUST0035,Karthik Verma,Corporate,East,Guwahati,Assam,2025-01-09,51+
CUST0036,Priya Patel,Home Office,East,Guwahati,Assam,2023-10-18,26-35
CUST0037,Aarav Iyer,Consumer,West,Pune,Maharashtra,2024-02-21,26-35
CUST0038,Harini Sharma,Home Office,South,Coimbatore,Tamil Nadu,2024-06-22,36-50
CUST0039,Varun Joshi,Consumer,South,Coimbatore,Tamil Nadu,2025-08-21,51+
CUST0040,Shreya Reddy,Consumer,North,Delhi,Delhi,2025-05-04,26-35
CUST0041,Priya Iyer,Consumer,South,Hyderabad,Telangana,2023-09-13,26-35
CUST0042,Vikram Khan,Consumer,West,Pune,Maharashtra,2025-04-16,18-25
CUST0043,Meera Mehta,Corporate,West,Mumbai,Maharashtra,2024-04-22,51+
CUST0044,Rahul Rao,Consumer,West,Pune,Maharashtra,2025-07-18,36-50
CUST0045,Sanjay Nair,Consumer,West,Surat,Gujarat,2024-10-17,26-35
CUST0046,Kavya Pillai,Corporate,East,Kolkata,West Bengal,2025-11-12,36-50
CUST0047,Rahul Das,Home Office,South,Hyderabad,Telangana,2025-07-16,26-35
CUST0048,Rohan Das,Consumer,West,Ahmedabad,Gujarat,2025-04-11,26-35
CUST0049,Lakshmi Kulkarni,Consumer,West,Ahmedabad,Gujarat,2023-01-08,26-35
CUST0050,Varun Mehta,Home Office,North,Jaipur,Rajasthan,2025-07-08,26-35
CUST0051,Aditya Sharma,Consumer,East,Guwahati,Assam,2025-06-30,26-35
CUST0052,Arjun Verma,Home Office,south ,Lucknow,Uttar Pradesh,2023-11-01,26-35
CUST0053,Aarav Menon,Home Office,West,Pune,Maharashtra,2025-06-23,26-35
CUST0054,Aarav Iyer,Home Office,West,Pune,Maharashtra,2025-07-14,36-50
CUST0055,Harini Kulkarni,Consumer,East,Guwahati,Assam,2024-05-17,51+
CUST0056,Vikram Pillai,Consumer,East,Patna,Bihar,2024-11-12,18-25
CUST0057,Akash Singh,Home Office,North,Chandigarh,Chandigarh,2024-12-21,26-35
CUST0058,Divya Nair,Home Office,East,Guwahati,Assam,2023-01-13,26-35
CUST0059,Rahul Verma,Corporate,East,Guwahati,Assam,2023-02-16,36-50
CUST0060,Akash Mehta,Consumer,East,Patna,Bihar,2025-01-15,36-50
CUST0061,Meera Kulkarni,Consumer,South,Bengaluru,Karnataka,2024-11-07,18-25
CUST0062,Harini Pillai,Corporate,North,Jaipur,Rajasthan,2023-04-01,36-50
CUST0063,Kavya Nair,Consumer,North,Jaipur,Rajasthan,2024-06-25,51+
CUST0064,Diya Rao,Corporate,South,Chennai,Tamil Nadu,2025-05-13,26-35
CUST0065,Sneha Singh,Consumer,South,Hyderabad,Telangana,2023-03-24,18-25
CUST0066,Aarav Gupta,Consumer,North,Jaipur,Rajasthan,2024-06-18,51+
CUST0067,Varun Joshi,Consumer,South,Chennai,Tamil Nadu,2024-10-29,26-35
CUST0068,Harini Pillai,Corporate,East,Guwahati,Assam,2024-04-08,36-50
CUST0069,Rahul Sharma,Corporate,East,Guwahati,Assam,2023-07-22,36-50
CUST0070,Manoj Iyer,Home Office,West,Ahmedabad,Gujarat,2024-06-06,18-25
CUST0071,Sneha Nair,Corporate,North,Jaipur,Rajasthan,2025-08-08,26-35
CUST0072,Shreya Nair,Consumer,West,Surat,Gujarat,2025-09-16,26-35
CUST0073,Kavya Pillai,Consumer,South,Hyderabad,Telangana,2023-04-01,26-35
CUST0074,Sanjay Rao,Home Office,East,Kolkata,West Bengal,2025-12-13,26-35
CUST0075,Karthik Sharma,Consumer,South,Bengaluru,Karnataka,2025-09-08,36-50
CUST0076,Arjun Sharma,Home Office,East,Guwahati,Assam,2023-12-08,51+
CUST0077,Aarav Patel,Home Office,East,Bhubaneswar,Odisha,2023-01-09,36-50
CUST0078,Harini Khan,Consumer,East,Bhubaneswar,Odisha,2024-10-05,26-35
CUST0079,Akash Mehta,Consumer,South,Chennai,Tamil Nadu,2024-07-12,51+
CUST0080,Vikram Verma,Corporate,East,Patna,Bihar,2024-09-20,51+
CUST0081,Ananya Rao,Home Office,South,Chennai,Tamil Nadu,2023-10-09,36-50
CUST0082,Sneha Singh,Home Office,East,Patna,Bihar,2024-05-04,36-50
CUST0083,Nisha Singh,Consumer,South,Bengaluru,Karnataka,2024-07-24,26-35
CUST0084,Meera Menon,Corporate,West,Mumbai,Maharashtra,2023-11-10,18-25
CUST0085,Meera Gupta,Corporate,North,Chandigarh,Chandigarh,2025-09-07,36-50
CUST0086,Pooja Khan,Home Office,West, Chennai ,Maharashtra,2023-05-28,36-50
CUST0087,Ishaan Khan,Consumer,North,Lucknow,Uttar Pradesh,2023-07-11,51+
CUST0088,Sneha Verma,Corporate,South,Chennai,Tamil Nadu,2023-06-12,26-35
CUST0089,Akash Gupta,Home Office,North,Jaipur,Rajasthan,2025-10-05,26-35
CUST0090,Nisha Bose,Corporate,South,Coimbatore,Tamil Nadu,2024-09-07,51+
CUST0091,Lakshmi Das,Corporate,East,Patna,Bihar,2024-07-22,26-35
CUST0092,Harini Khan,Consumer,North,Jaipur,Rajasthan,2025-12-12,36-50
CUST0093,Sanjay Rao,Consumer,East,Kolkata,West Bengal,2023-12-13,26-35
CUST0094,Akash Joshi,Corporate,East,Kolkata,West Bengal,2025-06-22,36-50
CUST0095,Manoj Rao,Corporate,East,Guwahati,Assam,2024-09-25,36-50
CUST0096,Harini Bose,Corporate,West,Pune,Maharashtra,2025-01-14,51+
CUST0097,Manoj Patel,Home Office,West,Pune,Maharashtra,2023-09-25,26-35
CUST0098,Diya Reddy,Home Office,North,Chandigarh,Chandigarh,2024-10-06,26-35
CUST0099,Ananya Mehta,Corporate,North,Chandigarh,Chandigarh,2025-06-15,36-50
CUST0100,Priya Singh,Corporate,South,Chennai,Tamil Nadu,2023-03-14,26-35
CUST0101,Ishaan Verma,Consumer,East,Guwahati,Assam,2023-01-28,26-35
CUST0102,Akash Bose,Consumer,North,Jaipur,Rajasthan,2023-03-30,36-50
CUST0103,Rohan Rao,Consumer,South,Bengaluru,Karnataka,2023-11-09,36-50
CUST0104,Karthik Gupta,Consumer,North,Delhi,Delhi,2024-07-15,36-50
CUST0105,Ishaan Pillai,Corporate,West,Surat,Gujarat,2024-11-21,26-35
CUST0106,Kavya Nair,Corporate,South,Coimbatore,Tamil Nadu,2025-07-06,36-50
CUST0107,Ishaan Sharma,Consumer,East,Bhubaneswar,Odisha,2024-11-29,26-35
CUST0108,Ananya Sharma,Corporate,North,Chandigarh,Chandigarh,2025-12-04,26-35
CUST0109,Lakshmi Gupta,Corporate,West,Surat,Gujarat,2023-01-04,26-35
CUST0110,Ananya Gupta,Consumer,East,Patna,tamil nadu,2025-06-10,26-35
CUST0111,Akash Verma,Consumer,West,Pune,Maharashtra,2023-06-12,36-50
CUST0112,Akash Khan,Consumer,West,Pune,Maharashtra,2025-03-04,26-35
CUST0113,Diya Pillai,Home Office,West,Ahmedabad,Gujarat,2024-08-29,26-35
CUST0114,Aarav Reddy,Corporate,South,Coimbatore,Tamil Nadu,2023-11-15,18-25
CUST0115,Nisha Iyer,Corporate,North,Chandigarh,Chandigarh,2025-03-06,36-50
CUST0116,Meera Gupta,Corporate,East,Patna,Bihar,2023-01-02,26-35
CUST0117,Aarav Patel,Consumer,North,Lucknow,Uttar Pradesh,2025-09-18,26-35
CUST0118,Aarav Iyer,Consumer,West,Mumbai,Maharashtra,2025-03-16,36-50
CUST0119,Divya Naidu,Corporate,South,Coimbatore,Tamil Nadu,2023-05-25,36-50
CUST0120,Sanjay Sharma,Home Office,South,Bengaluru,Karnataka,2024-05-20,26-35
CUST0121,Meera Menon,Consumer,South,Bengaluru,Karnataka,2023-11-16,26-35
CUST0122,Pooja Pillai,Corporate,West,Pune,Maharashtra,2023-03-15,26-35
CUST0123,Aarav Sharma,Corporate,North,Delhi,Delhi,2023-01-19,26-35
CUST0124,Vikram Das,Consumer,West,Pune,Maharashtra,2024-07-21,51+
CUST0125,Diya Singh,Home Office,East,Patna,Bihar,2023-08-16,36-50
CUST0126,Manoj Mehta,Corporate,South,Bengaluru,Karnataka,2025-10-04,36-50
CUST0127,Ananya Patel,Home Office,North,Chandigarh,Chandigarh,2023-08-13,26-35
CUST0128,Sneha Mishra,Home Office,South,Chennai,Tamil Nadu,2024-09-12,36-50
CUST0129,Varun Patel,Consumer,East,Kolkata,West Bengal,2024-08-22,51+
CUST0130,Harini Nair,Consumer,North,Delhi,Delhi,2025-03-01,18-25
CUST0131,Harini Das,Consumer,South,Chennai,Tamil Nadu,2024-10-14,26-35
CUST0132,Akash Rao,Home Office,West,Pune,Maharashtra,2023-10-01,36-50
CUST0133,Varun Reddy,Consumer,West,Pune,Maharashtra,2023-11-14,26-35
CUST0134,Pooja Kulkarni,Consumer,North,Delhi,Delhi,2023-11-17,26-35
CUST0135,Sneha Patel,Consumer,North,Delhi,Delhi,2024-07-08,36-50
CUST0136,Meera Patel,Consumer,North,Delhi,Delhi,2024-08-15,36-50
CUST0137,Nisha Rao,Corporate,North,Delhi,Delhi,2024-07-02,26-35
CUST0138,Diya Bose,Home Office,North,Chandigarh,Chandigarh,2025-04-15,51+
CUST0139,Lakshmi Das,Corporate,West,Surat,Gujarat,2023-05-25,36-50
CUST0140,Ananya Naidu,Corporate,North,Chandigarh,Chandigarh,2024-04-14,26-35
CUST0141,Kavya Reddy,Home Office,South,Bengaluru,Karnataka,2023-09-02,26-35
CUST0142,Pooja Bose,Consumer,West,Surat,Gujarat,2025-05-21,51+
CUST0143,Ananya Naidu,Home Office,South,Bengaluru,Karnataka,2023-04-11,36-50
CUST0144,Priya Gupta,Consumer,West,Surat,Gujarat,2025-12-26,51+
CUST0145,Arjun Das,Consumer,West,Ahmedabad,Gujarat,2023-06-06,51+
CUST0146,Priya Das,,East,Patna,Bihar,2024-06-19,26-35
CUST0147,Shreya Reddy,Consumer,West,Ahmedabad,Gujarat,2025-04-02,51+
CUST0148,Sanjay Mishra,Consumer,East,Bhubaneswar,Odisha,2023-09-04,51+
CUST0149,Diya Pillai,Corporate,East,Kolkata,West Bengal,2024-09-28,36-50
CUST0150,Varun Nair,Home Office,North,Lucknow,Uttar Pradesh,2024-10-24,36-50
CUST0151,Akash Nair,Corporate,East,Guwahati,Assam,2023-03-18,36-50
CUST0152,Harini Rao,Consumer,South,Coimbatore,Tamil Nadu,2025-12-02,51+
CUST0153,Aarav Nair,Consumer,West,Mumbai,Maharashtra,2024-04-23,26-35
CUST0154,Arjun Sharma,Home Office,North,Jaipur,Rajasthan,2025-06-30,26-35
CUST0155,Ishaan Sharma,Consumer,South,Bengaluru,Karnataka,2023-07-08,26-35
CUST0156,Meera Patel,Home Office,South,Coimbatore,Tamil Nadu,2024-10-11,26-35
CUST0157,Diya Rao,Corporate,South,Bengaluru,Karnataka,2024-02-13,51+
CUST0158,Ananya Reddy,Home Office,South,Bengaluru,Karnataka,2024-04-04,18-25
CUST0159,Rahul Reddy,Corporate,North,Jaipur,Rajasthan,2025-07-05,51+
CUST0160,Divya Sharma,Home Office,South,Bengaluru,Karnataka,2024-09-25,18-25
CUST0161,Rohan Reddy,Home Office,South,Bengaluru,Karnataka,2025-07-10,51+
CUST0162,Lakshmi Bose,Consumer,South,Bengaluru,Karnataka,2025-06-13,26-35
CUST0163,Rohan Iyer,Home Office,North,Jaipur,Rajasthan,2024-05-11,18-25
CUST0164,Priya Sharma,Consumer,East,Kolkata,West Bengal,2023-08-28,36-50
CUST0165,Diya Mishra,Consumer,South,Hyderabad,Telangana,2025-04-25,51+
CUST0166,Arjun Gupta,Home Office,South,Chennai,Tamil Nadu,2024-10-19,18-25
CUST0167,Aarav Mehta,Consumer,South,Hyderabad,Telangana,2024-10-15,51+
CUST0168,Shreya Sharma,Corporate,West,Ahmedabad,Gujarat,2025-04-13,51+
CUST0169,Sneha Bose,Consumer,South,Hyderabad,Telangana,2024-09-10,26-35
CUST0170,Meera Iyer,Home Office,South,Hyderabad,Telangana,2025-04-02,36-50
CUST0171,Nisha Reddy,Consumer,North,Jaipur,Rajasthan,2025-06-10,36-50
CUST0172,Shreya Nair,Consumer,West,Mumbai,Maharashtra,2025-02-26,36-50
CUST0173,Rohan Rao,Corporate,South,Bengaluru,Karnataka,2024-03-17,18-25
CUST0174,Sneha Mehta,Corporate,East,Patna,Bihar,2025-05-15,26-35
CUST0175,Akash Mehta,Consumer,West,Ahmedabad,Gujarat,2023-12-29,36-50
CUST0176,Diya Patel,Consumer,North,Jaipur,Rajasthan,2023-08-21,26-35
CUST0177,Lakshmi Mehta,Home Office,West,Mumbai,Maharashtra,2023-11-03,26-35
CUST0178,Ananya Pillai,Consumer,West,Pune,Maharashtra,2025-02-10,26-35
CUST0179,Akash Pillai,Consumer,West,Pune,Maharashtra,2024-09-14,51+
CUST0180,Meera Menon,Consumer,West,Ahmedabad,Gujarat,2025-07-11,36-50
CUST0181,Rohan Iyer,Corporate,West,Surat,Gujarat,2023-03-20,36-50
CUST0182,Shreya Iyer,Home Office,East,Patna,Bihar,2023-07-03,36-50
CUST0183,Meera Kulkarni,Consumer,South,Coimbatore,Tamil Nadu,2024-09-21,26-35
CUST0184,Rahul Iyer,Home Office,North,Jaipur,Rajasthan,2024-10-21,18-25
CUST0185,Karthik Mehta,Home Office,North,Chandigarh,Chandigarh,2025-01-12,36-50
CUST0186,Vikram Verma,Corporate,South,Coimbatore,Tamil Nadu,2024-03-12,18-25
CUST0187,Nisha Bose,Consumer,West,Mumbai,Maharashtra,2025-12-11,51+
CUST0188,Ishaan Pillai,Consumer,North,Delhi,Delhi,2025-06-05,36-50
CUST0189,Kavya Pillai,Home Office,West,Mumbai,Maharashtra,2023-12-12,18-25
CUST0190,Rohan Naidu,Consumer,South,Coimbatore,Tamil Nadu,2023-02-24,26-35
CUST0191,Nisha Verma,Consumer,North,Delhi,Delhi,2023-10-05,18-25
CUST0192,Kavya Verma,Home Office,East,Bhubaneswar,Odisha,2023-06-15,36-50
CUST0193,Ananya Gupta,Consumer,West,Pune,Maharashtra,2024-05-12,36-50
CUST0194,Diya Singh,Consumer,East,Guwahati,Assam,2025-09-18,51+
CUST0195,Nisha Kulkarni,Corporate,South,Coimbatore,Tamil Nadu,2024-04-23,18-25
CUST0196,Nisha Sharma,Home Office,North,Lucknow,Uttar Pradesh,2025-03-20,26-35
CUST0197,Varun Sharma,Corporate,North,Chandigarh,Chandigarh,2025-06-08,26-35
CUST0198,Varun Joshi,Corporate,East,Bhubaneswar,Odisha,2024-08-06,36-50
CUST0199,Shreya Pillai,Consumer,North,Jaipur,Rajasthan,2023-07-08,26-35
CUST0200,Nisha Mishra,Home Office,South,Bengaluru,Karnataka,2023-10-31,51+
CUST0201,Pooja Joshi,Corporate,East,Kolkata,West Bengal,2024-09-28,18-25
CUST0202,Manoj Gupta,Corporate,West,Pune,Maharashtra,2023-12-07,26-35
CUST0203,Arjun Gupta,Home Office,South,Chennai,Tamil Nadu,2025-03-25,36-50
CUST0204,Karthik Mehta,Consumer,West,Surat,Gujarat,2025-07-25,26-35
CUST0205,Diya Mishra,Corporate,East,Kolkata,West Bengal,2025-10-19,18-25
CUST0206,Arjun Bose,Corporate,South,Coimbatore,Tamil Nadu,2025-04-20,36-50
CUST0207,Divya Chopra,Consumer,West,Pune,Maharashtra,2025-03-02,26-35
CUST0208,Sneha Pillai,Consumer,South,Hyderabad,Telangana,2025-02-01,26-35
CUST0209,Rahul Naidu,Consumer,South,Hyderabad,Telangana,2023-02-09,36-50
CUST0210,Vikram Bose,Consumer,West,Ahmedabad,Gujarat,2025-06-27,26-35
CUST0211,Akash Kulkarni,Consumer,West,Surat,Gujarat,2024-06-07,36-50
CUST0212,Vikram Singh,Consumer,West,Mumbai,Maharashtra,2025-06-26,26-35
CUST0213,Shreya Bose,Corporate,North,Lucknow,Uttar Pradesh,2025-03-13,26-35
CUST0214,Ananya Rao,Consumer,South,Hyderabad,Telangana,2023-07-14,51+
CUST0215,Pooja Reddy,Corporate,South,Bengaluru,Karnataka,2025-07-16,26-35
CUST0216,Karthik Mishra,Consumer,South,Hyderabad,Telangana,2024-06-25,26-35
CUST0217,Pooja Mehta,Consumer,South,Hyderabad,Telangana,2024-11-14,51+
CUST0218,Shreya Sharma,Home Office,North,Lucknow,Uttar Pradesh,2025-01-22,36-50
CUST0219,Rahul Menon,Corporate,East,Patna,Bihar,2023-10-06,36-50
CUST0220,Pooja Kulkarni,Consumer,West,Surat,Gujarat,2024-05-02,18-25
CUST0221,Divya Pillai,Corporate,East,Guwahati,Assam,2024-07-01,36-50
CUST0222,Nisha Mehta,Home Office,West,Mumbai,Maharashtra,2025-08-16,26-35
CUST0223,Akash Bose,Consumer,South,Chennai,Tamil Nadu,2023-12-31,18-25
CUST0224,Varun Menon,Corporate,West,Mumbai,Maharashtra,2023-02-06,18-25
CUST0225,Meera Khan,Home Office,South,Coimbatore,Tamil Nadu,2025-12-18,26-35
CUST0226,Kavya Joshi,Consumer,East,Guwahati,Assam,2025-04-27,26-35
CUST0227,Harini Menon,Consumer,North,Chandigarh,Chandigarh,2024-10-13,18-25
CUST0228,Rohan Reddy,Home Office,South,Coimbatore,Tamil Nadu,2025-11-28,36-50
CUST0229,Harini Chopra,Consumer,South,Bengaluru,Karnataka,2025-05-19,26-35
CUST0230,Ishaan Iyer,Consumer,South,Bengaluru,Karnataka,2025-11-29,26-35
CUST0231,Rahul Rao,Consumer,East,Guwahati,Assam,2024-11-22,36-50
CUST0232,Priya Menon,Consumer,West,Pune,Maharashtra,2024-06-24,18-25
CUST0233,Aarav Menon,Consumer,North,Chandigarh,Chandigarh,2023-12-22,26-35
CUST0234,Ishaan Sharma,Consumer,,Jaipur,Rajasthan,2024-04-02,26-35
CUST0235,Harini Gupta,Consumer,West,Pune,Maharashtra,2024-04-09,26-35
CUST0236,Akash Sharma,Consumer,East,Guwahati,Assam,2024-04-07,36-50
CUST0237,Arjun Joshi,Home Office,West,Pune,Maharashtra,2024-08-22,36-50
CUST0238,Vikram Sharma,Home Office,South,Bengaluru,Karnataka,2025-03-30,26-35
CUST0239,Lakshmi Singh,Corporate,West,Surat,Gujarat,2023-06-08,36-50
CUST0240,Kavya Joshi,Consumer,West,Mumbai,Maharashtra,2024-05-21,51+
CUST0241,Harini Menon,Consumer,West,Pune,Maharashtra,2023-01-16,18-25
CUST0242,Priya Singh,Consumer,West,Pune,Maharashtra,2024-11-26,26-35
CUST0243,Manoj Das,Corporate,East,Kolkata,West Bengal,2023-02-23,26-35
CUST0244,Ishaan Khan,Consumer,South,Bengaluru,Karnataka,2024-01-08,36-50
CUST0245,Shreya Sharma,Consumer,North,Lucknow,Uttar Pradesh,2024-04-20,51+
CUST0246,Rohan Nair,Consumer,North,Chandigarh,Chandigarh,2023-05-17,18-25
CUST0247,Meera Singh,Consumer,East,Patna,Bihar,2023-01-30,18-25
CUST0248,Meera Das,Corporate,North,Chandigarh,Chandigarh,2024-12-30,18-25
CUST0249,Aditya Patel,Consumer,East,Kolkata,West Bengal,2025-03-11,36-50
CUST0250,Sanjay Das,Corporate,West,Ahmedabad,Gujarat,2024-08-01,26-35
CUST0251,Arjun Verma,Home Office,South,Coimbatore,Tamil Nadu,2023-06-16,36-50
CUST0252,Ishaan Pillai,Consumer,South,Coimbatore,Tamil Nadu,2024-06-19,36-50
CUST0253,Manoj Joshi,Corporate,West,Ahmedabad,Gujarat,2025-01-11,36-50
CUST0254,Sneha Mishra,Corporate,North,Jaipur,Rajasthan,2025-05-30,36-50
CUST0255,Aarav Menon,Home Office,North,Delhi,Delhi,2025-10-02,36-50
CUST0256,Karthik Singh,Consumer,South,Chennai,Tamil Nadu,2024-11-27,26-35
CUST0257,Rahul Patel,Consumer,North,Delhi,Delhi,2025-10-24,36-50
CUST0258,Priya Naidu,Consumer,South,Bengaluru,Karnataka,2023-07-05,26-35
CUST0259,Manoj Menon,Home Office,South,Coimbatore,Tamil Nadu,2023-10-20,26-35
CUST0260,Harini Khan,Consumer,East,Bhubaneswar,Odisha,2023-01-28,26-35
CUST0261,Lakshmi Joshi,Corporate,West,Pune,Maharashtra,2024-05-26,36-50
CUST0262,Varun Menon,Corporate,North,Chandigarh,Chandigarh,2025-12-16,36-50
CUST0263,Priya Khan,Consumer,East,Kolkata,West Bengal,2025-03-25,26-35
CUST0264,Sneha Kulkarni,Corporate,South,Chennai,Tamil Nadu,2024-02-11,51+
CUST0265,Aditya Rao,Consumer,North,Jaipur,Rajasthan,2023-07-24,51+
CUST0266,Priya Khan,Consumer,West,Pune,Maharashtra,2023-08-25,26-35
CUST0267,Arjun Kulkarni,Corporate,East,Patna,Bihar,2023-05-20,26-35
CUST0268,Rahul Singh,Home Office,East,Bhubaneswar,Odisha,2025-01-05,26-35
CUST0269,Manoj Das,Corporate,North,Delhi,Delhi,2025-06-23,36-50
CUST0270,Sanjay Bose,Corporate,West,Pune,Maharashtra,2024-03-11,18-25
CUST0271,Rohan Mehta,Corporate,North,Delhi,Delhi,2025-01-13,51+
CUST0272,Ishaan Bose,Corporate,East,Patna,Bihar,2025-01-04,51+
CUST0273,Akash Verma,Corporate,South,Chennai,Tamil Nadu,2024-07-10,51+
CUST0274,Meera Bose,Corporate,South,Hyderabad,Telangana,2025-01-06,26-35
CUST0275,Divya Verma,Consumer,North,Lucknow,Uttar Pradesh,2025-01-09,26-35
CUST0276,Lakshmi Pillai,Home Office,West,Mumbai,Maharashtra,2024-01-26,36-50
CUST0277,Pooja Sharma,Corporate,East,Patna,Bihar,2025-02-27,18-25
CUST0278,Sneha Mehta,Corporate,East,Guwahati,Assam,2025-03-21,26-35
CUST0279,Aditya Bose,Consumer,North,Delhi,Delhi,2024-04-09,26-35
CUST0280,Vikram Kulkarni,Consumer,West,Mumbai,Maharashtra,2025-06-23,26-35
CUST0281,Divya Reddy,Consumer,South,Coimbatore,Tamil Nadu,2025-04-27,36-50
CUST0282,Shreya Verma,Consumer,East,Guwahati,Assam,2023-11-15,18-25
CUST0283,Manoj Gupta,Consumer,West,Surat,Gujarat,2025-04-15,36-50
CUST0284,Pooja Mehta,Consumer,South,Chennai,Tamil Nadu,2024-07-24,36-50
CUST0285,Ishaan Reddy,Corporate,East,Kolkata,West Bengal,2024-07-01,26-35
CUST0286,Meera Rao,Home Office,East,Patna,Bihar,2023-12-05,26-35
CUST0287,Akash Pillai,Corporate,South,Chennai,Tamil Nadu,2023-07-20,18-25
CUST0288,Karthik Reddy,Corporate,North,Lucknow,Uttar Pradesh,2024-02-24,36-50
CUST0289,Rahul Iyer,Home Office,South,Coimbatore,Tamil Nadu,2023-01-07,18-25
CUST0290,Aarav Bose,Home Office,West,Ahmedabad,Gujarat,2025-02-14,18-25
CUST0291,Divya Chopra,Corporate,South,Bengaluru,Karnataka,2023-10-19,18-25
CUST0292,Sanjay Khan,Consumer,South,Bengaluru,Karnataka,2023-07-05,26-35
CUST0293,Ishaan Singh,Home Office,North,Delhi,Delhi,2023-03-09,26-35
CUST0294,Diya Chopra,Consumer,West,Ahmedabad,Gujarat,2025-03-17,26-35
CUST0295,Pooja Chopra,Corporate,North,Chandigarh,Chandigarh,2023-09-02,18-25
CUST0296,Arjun Naidu,Corporate,North,Jaipur,Rajasthan,2023-10-23,26-35
CUST0297,Varun Menon,Corporate,North,Chandigarh,Chandigarh,2025-02-14,18-25
CUST0298,Diya Joshi,Consumer,South,Chennai,Tamil Nadu,2025-01-10,18-25
CUST0299,Diya Das,Consumer,West,Ahmedabad,Gujarat,2023-09-07,36-50
CUST0300,Ananya Patel,Consumer,North,Chandigarh,Chandigarh,2025-08-18,18-25
CUST0301,Pooja Bose,Consumer,South,Bengaluru,Karnataka,2025-11-12,26-35
CUST0302,Ananya Iyer,Consumer,West,Pune,Maharashtra,2025-09-02,26-35
CUST0303,Aarav Sharma,Corporate,South,Bengaluru,Karnataka,2024-12-30,26-35
CUST0304,Ishaan Khan,Home Office,South,Bengaluru,Karnataka,2024-12-10,26-35
CUST0305,Nisha Mishra,Consumer,North,Jaipur,Rajasthan,2024-11-15,26-35
CUST0306,Aditya Das,Consumer,North,Lucknow,Uttar Pradesh,2023-04-26,18-25
CUST0307,Diya Mishra,Corporate,South,Coimbatore,Tamil Nadu,2024-12-29,26-35
CUST0308,Divya Naidu,Home Office,South,Bengaluru,Karnataka,2025-12-11,51+
CUST0309,Divya Iyer,Home Office,North,Lucknow,Uttar Pradesh,2024-10-13,26-35
CUST0310,Karthik Chopra,Corporate,East,Guwahati,Assam,2024-09-09,18-25
CUST0311,Sneha Verma,Home Office,West,Surat,Gujarat,2025-03-27,18-25
CUST0312,Kavya Menon,Corporate,West,Mumbai,Maharashtra,2023-05-26,26-35
CUST0313,Ananya Reddy,Home Office,North,Chandigarh,Chandigarh,2025-09-06,26-35
CUST0314,Aarav Mishra,Consumer,South,Bengaluru,Karnataka,2025-10-30,26-35
CUST0315,Harini Verma,Consumer,South,Coimbatore,Tamil Nadu,2024-10-22,18-25
CUST0316,Sneha Iyer,Home Office,East,Guwahati,Assam,2024-04-21,26-35
CUST0317,Shreya Sharma,Home Office,North,Chandigarh,Chandigarh,2025-05-20,26-35
CUST0318,Kavya Menon,Corporate,North,Lucknow,Uttar Pradesh,2023-08-09,18-25
CUST0319,Vikram Sharma,Consumer,South,Bengaluru,Karnataka,2024-01-16,26-35
CUST0320,Kavya Das,Consumer,North,Lucknow,Uttar Pradesh,2023-07-09,51+
CUST0321,Kavya Sharma,Consumer,West,Pune,Maharashtra,2024-07-02,26-35
CUST0322,Ananya Joshi,Consumer,North,Delhi,Delhi,2025-01-13,26-35
CUST0323,Manoj Menon,Home Office,East,Patna,Bihar,2023-04-08,36-50
CUST0324,Harini Sharma,Home Office,North,Lucknow,Uttar Pradesh,2023-02-27,36-50
CUST0325,Arjun Mishra,Consumer,South,Chennai,Tamil Nadu,2023-05-08,51+
CUST0326,Karthik Das,Consumer,North,Lucknow,Uttar Pradesh,2025-07-07,51+
CUST0327,Sanjay Singh,Corporate,West,Pune,Maharashtra,2023-11-03,18-25
CUST0328,Priya Patel,Corporate,North,Delhi,Delhi,2025-03-16,18-25
CUST0329,Shreya Pillai,Consumer,East,Bhubaneswar,Odisha,2024-08-08,26-35
CUST0330,Pooja Reddy,Home Office,North,Delhi,Delhi,2024-02-24,18-25
CUST0331,Kavya Kulkarni,Consumer,North,Chandigarh,Chandigarh,2023-08-28,36-50
CUST0332,Vikram Rao,Corporate,South,Coimbatore,Tamil Nadu,2023-07-04,26-35
CUST0333,Aditya Gupta,Consumer,South,Chennai,Tamil Nadu,2023-02-18,26-35
CUST0334,Rahul Joshi,Corporate,South,Hyderabad,Telangana,2024-05-26,26-35
CUST0335,Diya Pillai,Consumer,South,Bengaluru,Karnataka,2025-05-24,36-50
CUST0336,Akash Khan,Consumer,West,Surat,Gujarat,2023-09-13,36-50
CUST0337,Varun Das,Corporate,East,Kolkata,West Bengal,2023-06-16,51+
CUST0338,Kavya Bose,Corporate,South,Hyderabad,Telangana,2024-10-27,26-35
CUST0339,Meera Das,Consumer,West,Mumbai,Maharashtra,2023-04-03,36-50
CUST0340,Lakshmi Pillai,Corporate,South,Chennai,Tamil Nadu,2023-11-04,18-25
CUST0341,Arjun Mehta,Corporate,South,Coimbatore,Tamil Nadu,2023-11-21,26-35
CUST0342,Rohan Rao,Consumer,East,Guwahati,Assam,2023-02-17,26-35
CUST0343,Meera Iyer,Consumer,South,Bengaluru,Karnataka,2024-08-02,36-50
CUST0344,Aditya Gupta,Corporate,West,Ahmedabad,Gujarat,2023-09-29,36-50
CUST0345,Pooja Iyer,Corporate,East,Guwahati,Assam,2023-09-04,26-35
CUST0346,Aarav Iyer,Consumer,West,Ahmedabad,Gujarat,2025-10-12,18-25
CUST0347,Shreya Iyer,Consumer,South,Bengaluru,Karnataka,2023-08-21,36-50
CUST0348,Varun Verma,Home Office,East,Patna,Bihar,2024-01-11,26-35
CUST0349,Aarav Nair,Corporate,South,Hyderabad,Telangana,2025-07-22,26-35
CUST0350,Diya Pillai,Home Office,West,Pune,Maharashtra,2025-08-02,18-25
CUST0351,Aarav Naidu,Consumer,South,Hyderabad,Telangana,2024-09-17,26-35
CUST0352,Ishaan Verma,Consumer,West,Ahmedabad,Gujarat,2024-05-01,51+
CUST0353,Aditya Iyer,Home Office,South,Hyderabad,Telangana,2024-08-21,36-50
CUST0354,Manoj Singh,Home Office,West,Mumbai,Maharashtra,2025-09-10,26-35
CUST0355,Harini Bose,Consumer,North,Jaipur,Rajasthan,2025-01-22,26-35
CUST0356,Manoj Gupta,Consumer,North,Chandigarh,Chandigarh,2023-08-04,26-35
CUST0357,Aarav Gupta,Home Office,North,Chandigarh,Chandigarh,2023-04-16,26-35
CUST0358,Sanjay Das,Consumer,South,Hyderabad,Telangana,2025-08-29,18-25
CUST0359,Ananya Mishra,Consumer,South,Bengaluru,Karnataka,2024-05-22,26-35
CUST0360,Sneha Reddy,Home Office,North,Lucknow,Uttar Pradesh,2024-02-17,18-25
CUST0361,Ananya Das,Consumer,West,Surat,Gujarat,2024-08-27,26-35
CUST0362,Karthik Joshi,Consumer,South,Coimbatore,Tamil Nadu,2025-09-08,26-35
CUST0363,Priya Patel,Corporate,South,Chennai,Tamil Nadu,2024-01-12,51+
CUST0364,Varun Bose,Consumer,North,Delhi,Delhi,2024-10-25,18-25
CUST0365,Rohan Naidu,Consumer,West,Pune,Maharashtra,2023-05-21,26-35
CUST0366,Priya Rao,Home Office,East,Bhubaneswar,Odisha,2023-03-13,26-35
CUST0367,Harini Kulkarni,Consumer,East,Bhubaneswar,Odisha,2025-10-09,18-25
CUST0368,Ananya Reddy,Corporate,East,Patna,Bihar,2025-07-31,26-35
CUST0369,Lakshmi Gupta,Consumer,East,Bhubaneswar,Odisha,2023-10-13,36-50
CUST0370,Diya Kulkarni,Corporate,North,Chandigarh,Chandigarh,2024-04-20,26-35
CUST0371,Karthik Naidu,Corporate,North,Jaipur,Rajasthan,2023-09-13,18-25
CUST0372,Akash Das,Corporate,South,Bengaluru,Karnataka,2024-08-19,36-50
CUST0373,Karthik Sharma,Corporate,West,Ahmedabad,Gujarat,2023-12-05,51+
CUST0374,Ishaan Chopra,Consumer,South,Bengaluru,Karnataka,2024-09-12,18-25
CUST0375,Sneha Pillai,Consumer,South,Bengaluru,Karnataka,2024-01-03,26-35
CUST0376,Ishaan Patel,Consumer,East,Guwahati,Assam,2024-01-17,26-35
CUST0377,Aarav Joshi,Consumer,West,Ahmedabad,Gujarat,2025-02-16,26-35
CUST0378,Aarav Joshi,Home Office,South,Bengaluru,Karnataka,2025-12-14,26-35
CUST0379,Sneha Pillai,Consumer,West,Surat,Gujarat,2024-06-25,18-25
CUST0380,Arjun Sharma,Home Office,West,Surat,Gujarat,2024-07-24,36-50
CUST0381,Nisha Pillai,Corporate,West,Mumbai,Maharashtra,2023-03-15,26-35
CUST0382,Karthik Rao,Home Office,West,Surat,Gujarat,2023-03-30,18-25
CUST0383,Arjun Mehta,Consumer,South,Chennai,Tamil Nadu,2024-05-07,51+
CUST0384,Pooja Gupta,Corporate,West,Pune,Maharashtra,2025-11-14,36-50
CUST0385,Karthik Singh,Consumer,South,Coimbatore,Tamil Nadu,2023-06-06,26-35
CUST0386,Pooja Kulkarni,Consumer,South,Chennai,Tamil Nadu,2023-03-27,26-35
CUST0387,Varun Kulkarni,Consumer,West,Pune,Maharashtra,2024-04-15,18-25
CUST0388,Shreya Kulkarni,Consumer,South,Bengaluru,Karnataka,2025-08-28,36-50
CUST0389,Manoj Pillai,Corporate,East,Patna,Bihar,2023-07-09,36-50
CUST0390,Aditya Bose,Consumer,East,Bhubaneswar,Odisha,2024-04-07,26-35
CUST0391,Divya Das,Home Office,South,Bengaluru,Karnataka,2023-03-08,36-50
CUST0392,Pooja Patel,Home Office,West,Ahmedabad,Gujarat,2024-11-07,36-50
CUST0393,Vikram Patel,Corporate,West,Mumbai,Maharashtra,2024-07-03,36-50
CUST0394,Shreya Nair,Corporate,North,Jaipur,Rajasthan,2024-07-08,26-35
CUST0395,Ananya Gupta,Consumer,North,Lucknow,Uttar Pradesh,2025-01-30,18-25
CUST0396,Rahul Mishra,Consumer,South,Bengaluru,Karnataka,2023-05-26,18-25
CUST0397,Akash Reddy,Consumer,West,Pune,Maharashtra,2023-04-16,36-50
CUST0398,Meera Gupta,Corporate,East,Bhubaneswar,Odisha,2024-02-27,36-50
CUST0399,Kavya Iyer,Consumer,North,Lucknow,Uttar Pradesh,2023-10-24,26-35
CUST0400,Karthik Bose,Consumer,South,Hyderabad,Telangana,2024-08-01,36-50
CUST0401,Ananya Nair,Consumer,South,Hyderabad,Telangana,2024-04-08,26-35
CUST0402,Diya Pillai,Corporate,South,Chennai,Tamil Nadu,2025-08-08,36-50
CUST0403,Nisha Mehta,Consumer,West,Pune,Maharashtra,2025-11-22,36-50
CUST0404,Pooja Kulkarni,Consumer,West,Ahmedabad,Gujarat,2025-04-01,36-50
CUST0405,Varun Naidu,Consumer,South,Chennai,Tamil Nadu,2024-05-06,26-35
CUST0406,Ananya Naidu,Consumer,East,Patna,Bihar,2025-10-21,26-35
CUST0407,Sneha Verma,Home Office,North,Lucknow,Uttar Pradesh,2024-09-16,36-50
CUST0408,Akash Joshi,Corporate,West,Ahmedabad,Gujarat,2025-10-05,26-35
CUST0409,Arjun Khan,Home Office,North,Chandigarh,Chandigarh,2025-06-20,18-25
CUST0410,Pooja Iyer,Corporate,South,Bengaluru,Karnataka,2025-07-08,18-25
CUST0411,Arjun Mehta,Corporate,South,Bengaluru,Karnataka,2023-02-18,36-50
CUST0412,Akash Khan,Consumer,South,Chennai,Tamil Nadu,2025-03-27,26-35
CUST0413,Sanjay Bose,Consumer,South,Chennai,Tamil Nadu,2023-05-01,26-35
CUST0414,Aarav Singh,Corporate,North,Chandigarh,Chandigarh,2023-07-07,36-50
CUST0415,Manoj Bose,Corporate,South,Bengaluru,Karnataka,2024-07-04,36-50
CUST0416,Karthik Reddy,Consumer,West,Mumbai,Maharashtra,2025-09-16,18-25
CUST0417,Ishaan Reddy,Consumer,North,Lucknow,Uttar Pradesh,2024-10-11,26-35
CUST0418,Pooja Menon,Home Office,West,Pune,Maharashtra,2023-08-14,18-25
CUST0419,Ishaan Singh,Consumer,North,Chandigarh,Chandigarh,2024-05-23,18-25
CUST0420,Ishaan Gupta,Consumer,North,Delhi,Delhi,2024-04-07,36-50
CUST0421,Sneha Iyer,Consumer,East,Guwahati,Assam,2024-05-14,51+
CUST0422,Meera Nair,Corporate,South,Coimbatore,Tamil Nadu,2025-02-08,26-35
CUST0423,Rohan Nair,Consumer,North,Chandigarh,Chandigarh,2023-06-08,51+
CUST0424,Sanjay Chopra,Consumer,East,Guwahati,Assam,2023-09-21,36-50
CUST0425,Lakshmi Mishra,Consumer,East,Bhubaneswar,Odisha,2024-08-12,26-35
CUST0426,Sneha Rao,Corporate,North,Lucknow,Uttar Pradesh,2025-02-23,36-50
CUST0427,Nisha Mehta,Corporate,South,Chennai,Tamil Nadu,2025-08-11,51+
CUST0428,Akash Iyer,Home Office,North,Chandigarh,Chandigarh,2024-08-10,26-35
CUST0429,Pooja Mishra,Corporate,East,Bhubaneswar,Odisha,2023-01-22,36-50
CUST0430,Akash Mishra,Consumer,East,Patna,Bihar,2023-02-09,36-50
CUST0431,Manoj Naidu,Corporate,South,Bengaluru,Karnataka,2023-01-16,36-50
CUST0432,Pooja Singh,Corporate,South,Coimbatore,Tamil Nadu,2023-02-17,18-25
CUST0433,Aarav Menon,Consumer,North,Jaipur,Rajasthan,2024-01-23,26-35
CUST0434,Meera Nair,Consumer,North,Delhi,Delhi,2023-06-30,51+
CUST0435,Lakshmi Menon,Consumer,South,Chennai,Tamil Nadu,2025-04-17,26-35
CUST0436,Divya Patel,Consumer,West,Surat,Gujarat,2025-10-12,26-35
CUST0437,Rahul Kulkarni,Consumer,West,Surat,Gujarat,2023-12-14,18-25
CUST0438,Diya Nair,Consumer,East,Bhubaneswar,Odisha,2024-03-15,51+
CUST0439,Arjun Kulkarni,Consumer,East,Patna,Bihar,2023-01-03,36-50
CUST0440,Harini Sharma,Corporate,South,Hyderabad,Telangana,2024-06-03,18-25
CUST0441,Arjun Joshi,Consumer,South,Bengaluru,Karnataka,2024-05-10,18-25
CUST0442,Akash Kulkarni,Consumer,South,Bengaluru,Karnataka,2023-09-01,36-50
CUST0443,Akash Sharma,Corporate,South,Coimbatore,Tamil Nadu,2023-10-10,51+
CUST0444,Harini Naidu,Consumer,East,Guwahati,Assam,2023-05-21,18-25
CUST0445,Diya Bose,Consumer,East,Kolkata,West Bengal,2024-10-18,51+
CUST0446,Harini Menon,Corporate,West,Surat,Gujarat,2025-10-23,36-50
CUST0447,Aarav Iyer,Home Office,South,Hyderabad,Telangana,2024-09-12,36-50
CUST0448,Meera Iyer,Consumer,North,Jaipur,Rajasthan,2023-01-18,36-50
CUST0449,Ishaan Kulkarni,Consumer,West,Pune,Maharashtra,2023-06-12,36-50
CUST0450,Shreya Mishra,Home Office,East,Guwahati,Assam,2026-01-04,36-50
CUST0451,Diya Naidu,Consumer,West,Pune,Maharashtra,2024-06-17,26-35
CUST0452,Varun Das,Consumer,North,Lucknow,Uttar Pradesh,2024-09-25,36-50
CUST0453,Harini Rao,Consumer,North,Chandigarh,Chandigarh,2023-06-23,26-35
CUST0454,Kavya Pillai,Home Office,North,Delhi,Delhi,2024-02-07,26-35
CUST0455,Priya Sharma,Consumer,South,Hyderabad,Telangana,2023-12-10,26-35
CUST0456,Ananya Das,Consumer,East,Patna,Bihar,2025-06-07,18-25
CUST0457,Karthik Bose,Home Office,South,Hyderabad,Telangana,2025-04-05,51+
CUST0458,Diya Nair,Consumer,North,Lucknow,Uttar Pradesh,2024-12-31,26-35
CUST0459,Nisha Das,Consumer,North,Chandigarh,Chandigarh,2024-10-03,26-35
CUST0460,Rohan Nair,Consumer,South,Chennai,Tamil Nadu,2023-12-17,18-25
CUST0461,Shreya Sharma,Consumer,West,Mumbai,Maharashtra,2024-05-10,26-35
CUST0462,Lakshmi Iyer,Consumer,North,Delhi,Delhi,2025-05-06,36-50
CUST0463,Shreya Patel,Consumer,South,Coimbatore,Tamil Nadu,2024-02-20,51+
CUST0464,Arjun Gupta,Home Office,North,Jaipur,Rajasthan,2024-06-16,36-50
CUST0465,Ananya Pillai,Home Office,North,Delhi,Delhi,2023-04-30,26-35
CUST0466,Manoj Gupta,Consumer,East,Patna,Bihar,2024-05-02,26-35
CUST0467,Arjun Gupta,Home Office,East,Patna,Bihar,2025-10-24,36-50
CUST0468,Lakshmi Mehta,Corporate,South,Chennai,Tamil Nadu,2023-03-02,26-35
CUST0469,Kavya Khan,Corporate,East,Bhubaneswar,Odisha,2025-06-06,26-35
CUST0470,Akash Kulkarni,Consumer,West,Surat,Gujarat,2025-07-01,51+
CUST0471,Divya Kulkarni,Corporate,North,Jaipur,Rajasthan,2025-04-16,26-35
CUST0472,Kavya Gupta,Corporate,East,Bhubaneswar,Odisha,2025-07-26,26-35
CUST0473,Ananya Rao,Home Office,North,Chandigarh,Chandigarh,2025-12-18,51+
CUST0474,Meera Chopra,Home Office,South,Hyderabad,Telangana,2023-02-16,36-50
CUST0475,Divya Verma,Consumer,South,Bengaluru,Karnataka,2025-12-10,26-35
CUST0476,Ishaan Gupta,Corporate,South,Bengaluru,Karnataka,2025-07-01,18-25
CUST0477,Rohan Khan,Consumer,North,Jaipur,Rajasthan,2024-05-18,36-50
CUST0478,Akash Iyer,Consumer,West,Mumbai,Maharashtra,2023-10-15,51+
CUST0479,Rohan Sharma,Consumer,East,Guwahati,Assam,2023-04-27,36-50
CUST0480,Ananya Mehta,Corporate,North,Chandigarh,Chandigarh,2023-12-24,36-50
CUST0481,Diya Kulkarni,Corporate,North,Lucknow,Uttar Pradesh,2024-07-28,26-35
CUST0482,Divya Reddy,Consumer,South,Chennai,Tamil Nadu,2025-06-12,26-35
CUST0483,Harini Rao,Home Office,South,Bengaluru,Karnataka,2025-12-26,18-25
CUST0484,Rahul Pillai,Consumer,North,Delhi,Delhi,2025-05-08,36-50
CUST0485,Lakshmi Patel,Consumer,North,Jaipur,Rajasthan,2024-10-30,26-35
CUST0486,Shreya Chopra,Consumer,West,Ahmedabad,Gujarat,2025-10-26,18-25
CUST0487,Arjun Mishra,Consumer,North,Jaipur,Rajasthan,2024-05-23,51+
CUST0488,Rohan Chopra,Home Office,West,Surat,Gujarat,2025-09-23,26-35
CUST0489,Kavya Das,Consumer,South,Coimbatore,Tamil Nadu,2024-03-29,26-35
CUST0490,Nisha Khan,Consumer,East,Bhubaneswar,Odisha,2025-08-22,51+
CUST0491,Ishaan Chopra,Corporate,North,Chandigarh,Chandigarh,2024-04-16,18-25
CUST0492,Shreya Reddy,Consumer,North,Delhi,Delhi,2023-07-29,18-25
CUST0493,Vikram Patel,Corporate,West,Pune,Maharashtra,2023-09-05,36-50
CUST0494,Varun Nair,Consumer,West,Ahmedabad,Gujarat,2024-06-07,18-25
CUST0495,Harini Gupta,Corporate,North,Chandigarh,Chandigarh,2025-10-03,26-35
CUST0496,Akash Pillai,Consumer,East,Bhubaneswar,Odisha,2024-06-06,36-50
CUST0497,Karthik Singh,Consumer,West,Ahmedabad,Gujarat,2023-10-15,36-50
CUST0498,Lakshmi Menon,Corporate,North,Jaipur,Rajasthan,2023-06-04,26-35
CUST0499,Meera Singh,Consumer,West,Pune,Maharashtra,2025-06-01,36-50
CUST0500,Akash Bose,Consumer,West,Mumbai,Maharashtra,2024-06-01,36-50
CUST0501,Rahul Pillai,Corporate,South,Bengaluru,Karnataka,2024-03-13,36-50
CUST0502,Kavya Nair,Home Office,West,Pune,Maharashtra,2024-02-11,51+
CUST0503,Manoj Nair,Home Office,South,Hyderabad,Telangana,2025-08-16,51+
CUST0504,Karthik Khan,Home Office,West,Pune,Maharashtra,2024-10-02,36-50
CUST0505,Aarav Pillai,Consumer,North,Lucknow,Uttar Pradesh,2025-05-09,51+
CUST0506,Sneha Mehta,Consumer,North,Jaipur,Rajasthan,2025-02-24,51+
CUST0507,Aarav Naidu,Consumer,North,Jaipur,Rajasthan,2023-05-03,36-50
CUST0508,Karthik Naidu,Consumer,East,Guwahati,Assam,2024-10-11,18-25
CUST0509,Akash Das,Home Office,East,Patna,Bihar,2024-11-26,36-50
CUST0510,Vikram Singh,Corporate,South,Coimbatore,Tamil Nadu,2024-08-20,36-50
CUST0511,Sneha Naidu,Corporate,North,Delhi,Delhi,2023-05-20,18-25
CUST0512,Aarav Verma,Home Office,East,Kolkata,West Bengal,2025-10-17,26-35
CUST0513,Varun Das,Corporate,North,Jaipur,Rajasthan,2025-05-03,18-25
CUST0514,Manoj Iyer,Consumer,North,Lucknow,Uttar Pradesh,2023-09-19,36-50
CUST0515,Priya Rao,Home Office,South,Chennai,Tamil Nadu,2025-06-05,18-25
CUST0516,Rahul Mishra,Corporate,South,Hyderabad,Telangana,2024-01-31,26-35
CUST0517,Diya Iyer,Home Office,West,Pune,Maharashtra,2024-05-04,26-35
CUST0518,Nisha Patel,Home Office,North,Jaipur,Rajasthan,2025-04-19,36-50
CUST0519,Rahul Bose,Corporate,West,Pune,Maharashtra,2025-12-27,26-35
CUST0520,Karthik Chopra,Consumer,South,Chennai,Tamil Nadu,2023-12-09,26-35
CUST0521,Priya Singh,Consumer,South,Bengaluru,Karnataka,2025-11-16,51+
CUST0522,Karthik Joshi,Home Office,South,Bengaluru,Karnataka,2023-06-28,36-50
CUST0523,Vikram Kulkarni,Consumer,North,Chandigarh,Chandigarh,2023-09-25,51+
CUST0524,Pooja Mehta,Consumer,West,Ahmedabad,Gujarat,2023-03-20,36-50
CUST0525,Varun Gupta,Home Office,North,Delhi,Delhi,2023-05-14,36-50
CUST0526,Meera Mehta,Consumer,West,Pune,Maharashtra,2023-10-08,18-25
CUST0527,Aarav Patel,Consumer,South,Hyderabad,Telangana,2024-04-04,26-35
CUST0528,Karthik Menon,Consumer,South,Chennai,Tamil Nadu,2024-07-24,36-50
CUST0529,Ananya Rao,Corporate,West,Surat,Gujarat,2023-10-24,18-25
CUST0530,Harini Chopra,Home Office,North,Delhi,Delhi,2023-03-04,51+
CUST0531,Kavya Mishra,Home Office,South,Coimbatore,Tamil Nadu,2023-10-06,26-35
CUST0532,Kavya Khan,Consumer,North,Chandigarh,Chandigarh,2025-09-23,18-25
CUST0533,Sneha Pillai,Consumer,West,Pune,Maharashtra,2023-06-15,18-25
CUST0534,Ananya Patel,Corporate,West,Pune,Maharashtra,2023-08-14,26-35
CUST0535,Sanjay Reddy,Consumer,South,Bengaluru,Karnataka,2024-03-17,18-25
CUST0536,Sneha Nair,Home Office,North,Lucknow,Uttar Pradesh,2025-10-22,36-50
CUST0537,Vikram Pillai,Consumer,South,Bengaluru,Karnataka,2023-11-18,26-35
CUST0538,Sanjay Chopra,Corporate,South,Coimbatore,Tamil Nadu,2024-01-09,36-50
CUST0539,Diya Chopra,Consumer,East,Patna,Bihar,2024-02-04,36-50
CUST0540,Kavya Rao,Consumer,South,Chennai,Tamil Nadu,2023-09-30,18-25
CUST0541,Rahul Mishra,Consumer,East,Kolkata,West Bengal,2025-05-13,51+
CUST0542,Vikram Rao,Corporate,South,Bengaluru,Karnataka,2023-06-19,36-50
CUST0543,Ananya Iyer,Corporate,South,Chennai,Tamil Nadu,2025-10-16,26-35
CUST0544,Rohan Menon,Corporate,South,Hyderabad,Telangana,2024-05-08,26-35
CUST0545,Manoj Mehta,Home Office,South,Chennai,Tamil Nadu,2025-12-28,26-35
CUST0546,Karthik Menon,Home Office,North,Jaipur,Rajasthan,2025-12-29,26-35
CUST0547,Priya Naidu,Consumer,North,Lucknow,Uttar Pradesh,2024-03-14,51+
CUST0548,Diya Mishra,Corporate,North,Chandigarh,Chandigarh,2023-12-31,36-50
CUST0549,Lakshmi Das,Consumer,West,Ahmedabad,Gujarat,2024-02-21,36-50
CUST0550,Sneha Pillai,Consumer,West,Mumbai,Maharashtra,2025-02-28,36-50
CUST0551,Ishaan Gupta,Consumer,East,Patna,Bihar,2025-08-09,26-35
CUST0552,Rahul Pillai,Consumer,West,Mumbai,Maharashtra,2024-11-20,26-35
CUST0553,Diya Mishra,Home Office,South,Coimbatore,Tamil Nadu,2025-01-24,36-50
CUST0554,Aarav Gupta,Consumer,West,Surat,Gujarat,2024-05-24,26-35
CUST0555,Aarav Mehta,Consumer,South,Coimbatore,Tamil Nadu,2023-05-19,51+
CUST0556,Karthik Chopra,Consumer,South,Coimbatore,Tamil Nadu,2024-08-09,26-35
CUST0557,Divya Mishra,Consumer,North,Lucknow,Uttar Pradesh,2024-11-08,18-25
CUST0558,Harini Nair,Consumer,East,Kolkata,West Bengal,2024-05-13,36-50
CUST0559,Karthik Pillai,Home Office,West,Ahmedabad,Gujarat,2024-02-26,51+
CUST0560,Rohan Rao,Consumer,South,Bengaluru,Karnataka,2023-05-29,18-25
CUST0561,Harini Joshi,Corporate,South,Coimbatore,Tamil Nadu,2023-09-10,26-35
CUST0562,Shreya Das,Consumer,North,Chandigarh,Chandigarh,2024-05-03,36-50
CUST0563,Meera Das,Corporate,West,Ahmedabad,Gujarat,2023-10-23,26-35
CUST0564,Aditya Joshi,Home Office,East,Guwahati,Assam,2025-12-19,51+
CUST0565,Rahul Bose,Consumer,South,Coimbatore,Tamil Nadu,2024-03-26,51+
CUST0566,Arjun Rao,Consumer,East,Kolkata,West Bengal,2023-09-05,26-35
CUST0567,Ananya Chopra,Home Office,West,Pune,Maharashtra,2025-09-20,26-35
CUST0568,Sanjay Reddy,Consumer,North,Chandigarh,Chandigarh,2023-02-19,26-35
CUST0569,Arjun Menon,Home Office,West,Ahmedabad,Gujarat,2023-09-24,26-35
CUST0570,Divya Sharma,Home Office,North,Delhi,Delhi,2024-10-31,18-25
CUST0571,Vikram Mehta,Home Office,East,Bhubaneswar,Odisha,2023-10-30,36-50
CUST0572,Manoj Kulkarni,Corporate,North,Lucknow,Uttar Pradesh,2024-03-30,18-25
CUST0573,Aditya Pillai,Consumer,West,Surat,Gujarat,2024-03-11,18-25
CUST0574,Akash Kulkarni,Corporate,West,Pune,Maharashtra,2025-11-01,51+
CUST0575,Akash Das,Home Office,West,Mumbai,Maharashtra,2024-06-13,36-50
CUST0576,Harini Pillai,Consumer,South,Hyderabad,Telangana,2023-05-25,26-35
CUST0577,Lakshmi Joshi,Corporate,West,Ahmedabad,Gujarat,2024-09-03,26-35
CUST0578,Sneha Rao,Consumer,West,Pune,Maharashtra,2023-03-03,26-35
CUST0579,Manoj Reddy,Corporate,North,Chandigarh,Chandigarh,2024-10-31,26-35
CUST0580,Sneha Iyer,Home Office,West,Pune,Maharashtra,2023-10-12,36-50
CUST0581,Aditya Naidu,Consumer,South,Coimbatore,Tamil Nadu,2024-10-03,18-25
CUST0582,Harini Verma,Consumer,West,Surat,Gujarat,2024-11-22,26-35
CUST0583,Shreya Menon,Home Office,West,Ahmedabad,Gujarat,2023-09-05,26-35
CUST0584,Arjun Das,Consumer,West,Ahmedabad,Gujarat,2025-11-24,18-25
CUST0585,Diya Reddy,Corporate,South,Bengaluru,Karnataka,2024-03-03,51+
CUST0586,Sanjay Mehta,Corporate,South,Chennai,Tamil Nadu,2023-09-11,26-35
CUST0587,Ishaan Kulkarni,Home Office,East,Guwahati,Assam,2025-01-05,26-35
CUST0588,Ananya Mishra,Consumer,East,Kolkata,West Bengal,2025-02-04,26-35
CUST0589,Sanjay Patel,Home Office,North,Delhi,Delhi,2024-12-17,36-50
CUST0590,Aarav Bose,Consumer,West,Pune,Maharashtra,2025-08-22,36-50
CUST0591,Karthik Khan,Corporate,West,Ahmedabad,Gujarat,2026-01-02,26-35
CUST0592,Priya Kulkarni,Consumer,East,Patna,Bihar,2023-07-25,26-35
CUST0593,Ananya Reddy,Corporate,North,Lucknow,Uttar Pradesh,2023-11-05,51+
CUST0594,Ishaan Bose,Corporate,South,Coimbatore,Tamil Nadu,2024-06-29,51+
CUST0595,Nisha Menon,Consumer,East,Kolkata,West Bengal,2025-07-16,51+
CUST0596,Manoj Rao,Consumer,South,Bengaluru,Karnataka,2024-01-21,18-25
CUST0597,Harini Menon,Corporate,South,Hyderabad,Telangana,2025-05-09,51+
CUST0598,Arjun Das,Consumer,South,Hyderabad,Telangana,2024-07-07,36-50
CUST0599,Rahul Das,Corporate,South,Coimbatore,Tamil Nadu,2024-01-12,26-35
CUST0600,Shreya Sharma,Home Office,North,Jaipur,Rajasthan,2024-09-15,36-50
CUST0035,Karthik Verma,Corporate,East,Guwahati,Assam,2025-01-09,51+
