OrderID,OrderDate,CustomerID,ProductCategory,Product,Quantity,Discount,Sales,Profit,PaymentMethod,OrderStatus,CustomerName,Segment,Region,City,State,SignupDate,AgeGroup,Profit Margin,Profit per Unit,Loss Flag,OrderYear,OrderMonth
ORD00016,2025-12-14,CUST0192,Electronics,Laptop,2.0,0.15,93500.0,7920.6,UPI,Delivered,Kavya Verma,Home Office,East,Bhubaneswar,Odisha,2023-06-15,36-50,0.08471229946524064,3960.3,Profit,2025,2025-12
ORD00048,2026-02-15,CUST0415,Electronics,Laptop,15.0,0.1,243000.0,34082.1,NetBanking,Delivered,Manoj Bose,Corporate,South,Bengaluru,Karnataka,2024-07-04,36-50,0.14025555555555555,2272.14,Profit,2026,2026-02
ORD00055,2026-01-18,CUST0511,Electronics,Monitor,10.0,0.0,180000.0,35000.0,NetBanking,Delivered,Sneha Naidu,Corporate,North,Delhi,Delhi,2023-05-20,18-25,0.19444444444444445,3500.0,Profit,2026,2026-01
ORD00067,2025-09-13,CUST0581,Electronics,Monitor,15.0,0.0,270000.0,52500.0,UPI,Delivered,Aditya Naidu,Consumer,South,Coimbatore,Tamil Nadu,2024-10-03,18-25,0.19444444444444445,3500.0,Profit,2025,2025-09
ORD00089,2026-02-08,CUST0307,Electronics,Laptop,2.0,0.1,99000.0,12769.91,Card,Delivered,Diya Mishra,Corporate,South,Coimbatore,Tamil Nadu,2024-12-29,26-35,0.1289889898989899,6384.955,Profit,2026,2026-02
ORD00090,2026-07-21,CUST0274,Electronics,Laptop,3.0,0.15,140250.0,-34976.24,UPI,Cancelled,Meera Bose,Corporate,South,Hyderabad,Telangana,2025-01-06,26-35,-0.24938495543672012,-11658.746666666666,Loss,2026,2026-07
ORD00095,2026-03-20,CUST0093,Electronics,Laptop,2.0,0.1,99000.0,9299.57,UPI,Delivered,Sanjay Rao,Consumer,East,Kolkata,West Bengal,2023-12-13,26-35,0.09393505050505051,4649.785,Profit,2026,2026-03
ORD00102,2026-06-10,CUST0059,Furniture,Desk,6.0,0.05,85500.0,18540.32,Card,Delivered,Rahul Verma,Corporate,East,Guwahati,Assam,2023-02-16,36-50,0.21684584795321638,3090.0533333333333,Profit,2026,2026-06
ORD00110,2025-11-20,CUST0177,Electronics,Laptop,5.0,0.1,247500.0,31987.81,NetBanking,Delivered,Lakshmi Mehta,Home Office,West,Mumbai,Maharashtra,2023-11-03,26-35,0.12924367676767679,6397.562,Profit,2025,2025-11
ORD00137,2026-04-27,CUST0146,Electronics,Laptop,3.0,0.3,115500.0,-1549.37,UPI,Delivered,Priya Das,Unknown,East,Patna,Bihar,2024-06-19,26-35,-0.013414458874458874,-516.4566666666666,Loss,2026,2026-04
ORD00142,2025-11-03,CUST0289,Electronics,Monitor,5.0,0.0,90000.0,-22273.47,UPI,Returned,Rahul Iyer,Home Office,South,Coimbatore,Tamil Nadu,2023-01-07,18-25,-0.247483,-4454.694,Loss,2025,2025-11
ORD00156,2025-11-23,CUST0570,Electronics,Laptop,2.0,0.2,88000.0,6846.08,Cash on Delivery,Delivered,Divya Sharma,Home Office,North,Delhi,Delhi,2024-10-31,18-25,0.07779636363636364,3423.04,Profit,2025,2025-11
ORD00176,2025-10-07,CUST0413,Electronics,Laptop,2.0,0.05,104500.0,-44526.93,Cash on Delivery,Cancelled,Sanjay Bose,Consumer,South,Chennai,Tamil Nadu,2023-05-01,26-35,-0.426095023923445,-22263.465,Loss,2025,2025-10
ORD00193,2025-10-09,CUST0249,Electronics,Laptop,4.0,0.05,209000.0,28313.81,UPI,Delivered,Aditya Patel,Consumer,East,Kolkata,West Bengal,2025-03-11,36-50,0.13547277511961722,7078.4525,Profit,2025,2025-10
ORD00197,2026-02-06,CUST0089,Electronics,Laptop,3.0,0.05,156750.0,21304.72,Card,Delivered,Akash Gupta,Home Office,North,Jaipur,Rajasthan,2025-10-05,26-35,0.13591527910685805,7101.573333333334,Profit,2026,2026-02
ORD00202,2026-03-20,CUST0460,Electronics,Laptop,3.0,0.15,140250.0,8694.63,NetBanking,Delivered,Rohan Nair,Consumer,South,Chennai,Tamil Nadu,2023-12-17,18-25,0.061993796791443845,2898.2099999999996,Profit,2026,2026-03
ORD00214,2025-08-12,CUST0062,Electronics,Laptop,2.0,0.15,93500.0,10458.0,NetBanking,Delivered,Harini Pillai,Corporate,North,Jaipur,Rajasthan,2023-04-01,36-50,0.11185026737967914,5229.0,Profit,2025,2025-08
ORD00225,2025-07-15,CUST0077,Electronics,Laptop,2.0,0.2,88000.0,6733.96,NetBanking,Delivered,Aarav Patel,Home Office,East,Bhubaneswar,Odisha,2023-01-09,36-50,0.07652227272727273,3366.98,Profit,2025,2025-07
ORD00243,2026-08-18,CUST0123,Electronics,Laptop,3.0,0.15,140250.0,14767.04,Card,Shipped,Aarav Sharma,Corporate,North,Delhi,Delhi,2023-01-19,26-35,0.10529083778966132,4922.346666666667,Profit,2026,2026-08
ORD00260,2025-08-05,CUST0536,Electronics,Monitor,15.0,0.15,229500.0,25411.94,UPI,Delivered,Sneha Nair,Home Office,North,Lucknow,Uttar Pradesh,2025-10-22,36-50,0.1107274074074074,1694.1293333333333,Profit,2025,2025-08
ORD00262,2025-12-17,CUST0543,Electronics,Laptop,5.0,0.05,261250.0,34600.3,UPI,Delivered,Ananya Iyer,Corporate,South,Chennai,Tamil Nadu,2025-10-16,26-35,0.13244133971291866,6920.06,Profit,2025,2025-12
ORD00266,2026-06-18,CUST0295,Office Supplies,Printer,10.0,0.1,126000.0,16576.04,Cash on Delivery,Delivered,Pooja Chopra,Corporate,North,Chandigarh,Chandigarh,2023-09-02,18-25,0.13155587301587301,1657.604,Profit,2026,2026-06
ORD00278,2026-02-09,CUST0120,Electronics,Laptop,6.0,0.15,280500.0,21094.6,UPI,Shipped,Sanjay Sharma,Home Office,South,Bengaluru,Karnataka,2024-05-20,26-35,0.07520356506238858,3515.7666666666664,Profit,2026,2026-02
ORD00295,2026-04-28,CUST0192,Electronics,Laptop,4.0,0.1,198000.0,20646.25,Cash on Delivery,Delivered,Kavya Verma,Home Office,East,Bhubaneswar,Odisha,2023-06-15,36-50,0.1042739898989899,5161.5625,Profit,2026,2026-04
ORD00299,2025-11-09,CUST0228,Electronics,Monitor,6.0,0.0,108000.0,-31668.09,NetBanking,Returned,Rohan Reddy,Home Office,South,Coimbatore,Tamil Nadu,2025-11-28,36-50,-0.29322305555555556,-5278.015,Loss,2025,2025-11
ORD00308,2025-07-01,CUST0596,Electronics,Monitor,6.0,0.0,108000.0,21000.0,NetBanking,Delivered,Manoj Rao,Consumer,South,Bengaluru,Karnataka,2024-01-21,18-25,0.19444444444444445,3500.0,Profit,2025,2025-07
ORD00318,2025-12-28,CUST0431,Electronics,Laptop,2.0,0.2,88000.0,-60094.92,UPI,Cancelled,Manoj Naidu,Corporate,South,Bengaluru,Karnataka,2023-01-16,36-50,-0.6828968181818181,-30047.46,Loss,2025,2025-12
ORD00320,2026-05-22,CUST0305,Electronics,Laptop,15.0,0.0,825000.0,135000.0,NetBanking,Delivered,Nisha Mishra,Consumer,North,Jaipur,Rajasthan,2024-11-15,26-35,0.16363636363636364,9000.0,Profit,2026,2026-05
ORD00328,2025-11-24,CUST0141,Electronics,Laptop,2.0,0.1,99000.0,-26422.9,NetBanking,Cancelled,Kavya Reddy,Home Office,South,Bengaluru,Karnataka,2023-09-02,26-35,-0.2668979797979798,-13211.45,Loss,2025,2025-11
ORD00393,2026-06-22,CUST0126,Electronics,Monitor,5.0,0.0,90000.0,17500.0,UPI,Delivered,Manoj Mehta,Corporate,South,Bengaluru,Karnataka,2025-10-04,36-50,0.19444444444444445,3500.0,Profit,2026,2026-06
ORD00409,2025-11-03,CUST0503,Electronics,Laptop,3.0,0.05,156750.0,-64087.53,Cash on Delivery,Returned,Manoj Nair,Home Office,South,Hyderabad,Telangana,2025-08-16,51+,-0.4088518660287081,-21362.51,Loss,2025,2025-11
ORD00421,2025-11-23,CUST0033,Electronics,Laptop,2.0,0.05,104500.0,-51722.05,Cash on Delivery,Returned,Ananya Das,Consumer,North,Delhi,Delhi,2023-12-18,18-25,-0.4949478468899522,-25861.025,Loss,2025,2025-11
ORD00431,2025-12-05,CUST0589,Electronics,Monitor,6.0,0.05,102600.0,18105.73,NetBanking,Delivered,Sanjay Patel,Home Office,North,Delhi,Delhi,2024-12-17,36-50,0.17646910331384016,3017.6216666666664,Profit,2025,2025-12
ORD00444,2025-10-25,CUST0293,Electronics,Laptop,4.0,0.1,198000.0,-54115.05,UPI,Cancelled,Ishaan Singh,Home Office,North,Delhi,Delhi,2023-03-09,26-35,-0.2733083333333334,-13528.7625,Loss,2025,2025-10
ORD00446,2025-12-22,CUST0244,Electronics,Monitor,6.0,0.0,108000.0,21000.0,Cash on Delivery,Shipped,Ishaan Khan,Consumer,South,Bengaluru,Karnataka,2024-01-08,36-50,0.19444444444444445,3500.0,Profit,2025,2025-12
ORD00460,2025-09-08,CUST0329,Electronics,Monitor,10.0,0.2,144000.0,9693.25,Cash on Delivery,Delivered,Shreya Pillai,Consumer,East,Bhubaneswar,Odisha,2024-08-08,26-35,0.0673142361111111,969.325,Profit,2025,2025-09
ORD00484,2025-07-20,CUST0075,Electronics,Laptop,3.0,0.05,156750.0,21231.32,Card,Delivered,Karthik Sharma,Consumer,South,Bengaluru,Karnataka,2025-09-08,36-50,0.13544701754385965,7077.106666666667,Profit,2025,2025-07
ORD00485,2026-06-23,CUST0208,Electronics,Laptop,15.0,0.05,783750.0,110045.41,NetBanking,Delivered,Sneha Pillai,Consumer,South,Hyderabad,Telangana,2025-02-01,26-35,0.14040881658692186,7336.3606666666665,Profit,2026,2026-06
ORD00488,2026-08-20,CUST0335,Electronics,Laptop,4.0,0.0,220000.0,36000.0,Cash on Delivery,Delivered,Diya Pillai,Consumer,South,Bengaluru,Karnataka,2025-05-24,36-50,0.16363636363636364,9000.0,Profit,2026,2026-08
ORD00492,2025-09-08,CUST0150,Electronics,Laptop,2.0,0.15,93500.0,10020.55,UPI,Delivered,Varun Nair,Home Office,North,Lucknow,Uttar Pradesh,2024-10-24,36-50,0.10717165775401069,5010.275,Profit,2025,2025-09
ORD00499,2026-01-11,CUST0059,Electronics,Laptop,4.0,0.1,198000.0,-44039.61,UPI,Cancelled,Rahul Verma,Corporate,East,Guwahati,Assam,2023-02-16,36-50,-0.22242227272727272,-11009.9025,Loss,2026,2026-01
ORD00510,2025-09-08,CUST0316,Electronics,Laptop,2.0,0.0,110000.0,18000.0,Card,Shipped,Sneha Iyer,Home Office,East,Guwahati,Assam,2024-04-21,26-35,0.16363636363636364,9000.0,Profit,2025,2025-09
ORD00522,2025-11-06,CUST0289,Electronics,Laptop,5.0,0.1,247500.0,31519.44,Cash on Delivery,Delivered,Rahul Iyer,Home Office,South,Coimbatore,Tamil Nadu,2023-01-07,18-25,0.12735127272727273,6303.888,Profit,2025,2025-11
ORD00525,2026-08-24,CUST0382,Electronics,Laptop,4.0,0.2,176000.0,11064.01,UPI,Shipped,Karthik Rao,Home Office,West,Surat,Gujarat,2023-03-30,18-25,0.06286369318181818,2766.0025,Profit,2026,2026-08
ORD00534,2026-07-21,CUST0084,Electronics,Laptop,6.0,0.1,297000.0,26359.51,NetBanking,Delivered,Meera Menon,Corporate,West,Mumbai,Maharashtra,2023-11-10,18-25,0.08875255892255891,4393.251666666666,Profit,2026,2026-07
ORD00545,2025-08-03,CUST0179,Electronics,Laptop,6.0,0.1,297000.0,-207952.52,UPI,Cancelled,Akash Pillai,Consumer,West,Pune,Maharashtra,2024-09-14,51+,-0.700176835016835,-34658.753333333334,Loss,2025,2025-08
ORD00577,2026-02-23,CUST0260,Electronics,Laptop,3.0,0.0,165000.0,27000.0,NetBanking,Delivered,Harini Khan,Consumer,East,Bhubaneswar,Odisha,2023-01-28,26-35,0.16363636363636364,9000.0,Profit,2026,2026-02
ORD00593,2025-10-15,CUST0463,Electronics,Monitor,5.0,0.0,90000.0,17500.0,NetBanking,Delivered,Shreya Patel,Consumer,South,Coimbatore,Tamil Nadu,2024-02-20,51+,0.19444444444444445,3500.0,Profit,2025,2025-10
ORD00594,2025-10-03,CUST0596,Electronics,Laptop,4.0,0.05,209000.0,28668.28,NetBanking,Delivered,Manoj Rao,Consumer,South,Bengaluru,Karnataka,2024-01-21,18-25,0.13716880382775118,7167.07,Profit,2025,2025-10
ORD00633,2025-10-11,CUST0208,Electronics,Laptop,2.0,0.2,88000.0,2679.99,UPI,Delivered,Sneha Pillai,Consumer,South,Hyderabad,Telangana,2025-02-01,26-35,0.030454431818181815,1339.995,Profit,2025,2025-10
ORD00653,2026-03-03,CUST0427,Electronics,Laptop,4.0,0.1,198000.0,19501.83,UPI,Delivered,Nisha Mehta,Corporate,South,Chennai,Tamil Nadu,2025-08-11,51+,0.09849409090909092,4875.4575,Profit,2026,2026-03
ORD00655,2026-03-13,CUST0521,Electronics,Laptop,5.0,0.15,233750.0,18676.47,UPI,Delivered,Priya Singh,Consumer,South,Bengaluru,Karnataka,2025-11-16,51+,0.07989933689839572,3735.2940000000003,Profit,2026,2026-03
ORD00660,2026-06-29,CUST0485,Electronics,Laptop,2.0,0.1,99000.0,10438.05,NetBanking,Delivered,Lakshmi Patel,Consumer,North,Jaipur,Rajasthan,2024-10-30,26-35,0.10543484848484848,5219.025,Profit,2026,2026-06
ORD00663,2026-08-13,CUST0169,Electronics,Laptop,3.0,0.1,148500.0,17526.02,Cash on Delivery,Shipped,Sneha Bose,Consumer,South,Hyderabad,Telangana,2024-09-10,26-35,0.11802033670033671,5842.006666666667,Profit,2026,2026-08
ORD00666,2026-05-20,CUST0151,Electronics,Laptop,4.0,0.0,220000.0,36000.0,NetBanking,Delivered,Akash Nair,Corporate,East,Guwahati,Assam,2023-03-18,36-50,0.16363636363636364,9000.0,Profit,2026,2026-05
ORD00704,2026-08-22,CUST0420,Electronics,Laptop,2.0,0.15,93500.0,8454.44,NetBanking,Delivered,Ishaan Gupta,Consumer,North,Delhi,Delhi,2024-04-07,36-50,0.09042181818181819,4227.22,Profit,2026,2026-08
ORD00709,2026-03-05,CUST0509,Electronics,Laptop,5.0,0.1,247500.0,28916.07,Card,Delivered,Akash Das,Home Office,East,Patna,Bihar,2024-11-26,36-50,0.11683260606060605,5783.214,Profit,2026,2026-03
ORD00712,2025-08-28,CUST0273,Electronics,Monitor,5.0,0.05,85500.0,-39700.82,Cash on Delivery,Cancelled,Akash Verma,Corporate,South,Chennai,Tamil Nadu,2024-07-10,51+,-0.4643370760233918,-7940.164,Loss,2025,2025-08
ORD00734,2025-11-07,CUST0465,Electronics,Laptop,3.0,0.15,140250.0,7282.08,Cash on Delivery,Delivered,Ananya Pillai,Home Office,North,Delhi,Delhi,2023-04-30,26-35,0.05192213903743315,2427.36,Profit,2025,2025-11
ORD00735,2025-08-21,CUST0556,Electronics,Laptop,2.0,0.1,99000.0,11234.06,Cash on Delivery,Shipped,Karthik Chopra,Consumer,South,Coimbatore,Tamil Nadu,2024-08-09,26-35,0.11347535353535353,5617.03,Profit,2025,2025-08
ORD00753,2026-04-04,CUST0460,Electronics,Laptop,6.0,0.1,297000.0,34887.35,NetBanking,Delivered,Rohan Nair,Consumer,South,Chennai,Tamil Nadu,2023-12-17,18-25,0.11746582491582491,5814.558333333333,Profit,2026,2026-04
ORD00762,2025-12-25,CUST0166,Electronics,Laptop,2.0,0.0,110000.0,-47446.06,UPI,Cancelled,Arjun Gupta,Home Office,South,Chennai,Tamil Nadu,2024-10-19,18-25,-0.43132781818181815,-23723.03,Loss,2025,2025-12
ORD00765,2025-07-16,CUST0484,Electronics,Laptop,2.0,0.0,110000.0,18000.0,Card,Shipped,Rahul Pillai,Consumer,North,Delhi,Delhi,2025-05-08,36-50,0.16363636363636364,9000.0,Profit,2025,2025-07
ORD00770,2026-01-17,CUST0418,Electronics,Laptop,2.0,0.15,93500.0,4264.63,Cash on Delivery,Shipped,Pooja Menon,Home Office,West,Pune,Maharashtra,2023-08-14,18-25,0.04561101604278075,2132.315,Profit,2026,2026-01
ORD00788,2026-07-08,CUST0286,Electronics,Laptop,2.0,0.0,110000.0,18000.0,NetBanking,Delivered,Meera Rao,Home Office,East,Patna,Bihar,2023-12-05,26-35,0.16363636363636364,9000.0,Profit,2026,2026-07
ORD00806,2025-08-03,CUST0583,Electronics,Laptop,4.0,0.0,220000.0,36000.0,NetBanking,Delivered,Shreya Menon,Home Office,West,Ahmedabad,Gujarat,2023-09-05,26-35,0.16363636363636364,9000.0,Profit,2025,2025-08
ORD00850,2026-08-02,CUST0522,Electronics,Laptop,2.0,0.05,104500.0,14298.14,UPI,Shipped,Karthik Joshi,Home Office,South,Bengaluru,Karnataka,2023-06-28,36-50,0.1368243062200957,7149.07,Profit,2026,2026-08
ORD00851,2026-04-06,CUST0505,Electronics,Laptop,4.0,0.1,198000.0,21473.15,NetBanking,Delivered,Aarav Pillai,Consumer,North,Lucknow,Uttar Pradesh,2025-05-09,51+,0.10845025252525253,5368.2875,Profit,2026,2026-04
ORD00864,2026-06-18,CUST0173,Electronics,Laptop,5.0,0.1,247500.0,22315.94,NetBanking,Delivered,Rohan Rao,Corporate,South,Bengaluru,Karnataka,2024-03-17,18-25,0.09016541414141413,4463.188,Profit,2026,2026-06
ORD00870,2026-05-08,CUST0522,Office Supplies,Printer,15.0,0.1,189000.0,26903.1,Card,Delivered,Karthik Joshi,Home Office,South,Bengaluru,Karnataka,2023-06-28,36-50,0.14234444444444444,1793.54,Profit,2026,2026-05
ORD00873,2025-08-22,CUST0566,Furniture,Desk,15.0,0.0,225000.0,52500.0,NetBanking,Delivered,Arjun Rao,Consumer,East,Kolkata,West Bengal,2023-09-05,26-35,0.23333333333333334,3500.0,Profit,2025,2025-08
ORD00878,2025-12-30,CUST0007,Electronics,Laptop,2.0,0.1,99000.0,9671.63,Cash on Delivery,Delivered,Harini Khan,Consumer,South,Bengaluru,Karnataka,2025-07-02,36-50,0.09769323232323232,4835.815,Profit,2025,2025-12
ORD00892,2025-12-12,CUST0471,Furniture,Bookshelf,10.0,0.1,99000.0,-56936.13,NetBanking,Cancelled,Divya Kulkarni,Corporate,North,Jaipur,Rajasthan,2025-04-16,26-35,-0.5751124242424243,-5693.612999999999,Loss,2025,2025-12
ORD00900,2026-03-29,CUST0361,Electronics,Laptop,3.0,0.0,165000.0,27000.0,NetBanking,Delivered,Ananya Das,Consumer,West,Surat,Gujarat,2024-08-27,26-35,0.16363636363636364,9000.0,Profit,2026,2026-03
ORD00903,2025-11-03,CUST0335,Electronics,Laptop,6.0,0.2,264000.0,2743.28,Cash on Delivery,Delivered,Diya Pillai,Consumer,South,Bengaluru,Karnataka,2025-05-24,36-50,0.010391212121212122,457.21333333333337,Profit,2025,2025-11
ORD00914,2025-08-15,CUST0216,Electronics,Laptop,2.0,0.0,110000.0,18000.0,Cash on Delivery,Delivered,Karthik Mishra,Consumer,South,Hyderabad,Telangana,2024-06-25,26-35,0.16363636363636364,9000.0,Profit,2025,2025-08
ORD00916,2026-08-11,CUST0202,Electronics,Laptop,3.0,0.0,165000.0,27000.0,UPI,Delivered,Manoj Gupta,Corporate,West,Pune,Maharashtra,2023-12-07,26-35,0.16363636363636364,9000.0,Profit,2026,2026-08
ORD00932,2025-12-16,CUST0170,Electronics,Laptop,3.0,0.05,156750.0,21712.27,Cash on Delivery,Delivered,Meera Iyer,Home Office,South,Hyderabad,Telangana,2025-04-02,36-50,0.13851527910685807,7237.423333333333,Profit,2025,2025-12
ORD00934,2025-10-09,CUST0263,Electronics,Laptop,2.0,0.1,99000.0,11297.6,Cash on Delivery,Delivered,Priya Khan,Consumer,East,Kolkata,West Bengal,2025-03-25,26-35,0.11411717171717171,5648.8,Profit,2025,2025-10
ORD00943,2026-01-12,CUST0003,Electronics,Laptop,3.0,0.2,132000.0,5867.34,UPI,Delivered,Sanjay Mehta,Home Office,West,Ahmedabad,Gujarat,2025-05-11,26-35,0.04444954545454546,1955.78,Profit,2026,2026-01
ORD00951,2025-08-05,CUST0423,Electronics,Monitor,5.0,0.0,90000.0,17500.0,Cash on Delivery,Delivered,Rohan Nair,Consumer,North,Chandigarh,Chandigarh,2023-06-08,51+,0.19444444444444445,3500.0,Profit,2025,2025-08
ORD00952,2025-09-01,CUST0431,Electronics,Laptop,5.0,0.0,275000.0,45000.0,Card,Delivered,Manoj Naidu,Corporate,South,Bengaluru,Karnataka,2023-01-16,36-50,0.16363636363636364,9000.0,Profit,2025,2025-09
ORD00977,2025-10-06,CUST0355,Furniture,Desk,6.0,0.0,90000.0,21000.0,NetBanking,Delivered,Harini Bose,Consumer,North,Jaipur,Rajasthan,2025-01-22,26-35,0.23333333333333334,3500.0,Profit,2025,2025-10
ORD00979,2026-04-03,CUST0519,Electronics,Laptop,3.0,0.1,148500.0,14359.04,NetBanking,Delivered,Rahul Bose,Corporate,West,Pune,Maharashtra,2025-12-27,26-35,0.09669387205387206,4786.346666666667,Profit,2026,2026-04
ORD00982,2026-01-15,CUST0372,Furniture,Desk,6.0,0.0,90000.0,21000.0,UPI,Delivered,Akash Das,Corporate,South,Bengaluru,Karnataka,2024-08-19,36-50,0.23333333333333334,3500.0,Profit,2026,2026-01
ORD00988,2026-04-24,CUST0404,Electronics,Laptop,2.0,0.0,110000.0,18000.0,Card,Delivered,Pooja Kulkarni,Consumer,West,Ahmedabad,Gujarat,2025-04-01,36-50,0.16363636363636364,9000.0,Profit,2026,2026-04
ORD01017,2026-03-18,CUST0513,Electronics,Laptop,2.0,0.2,88000.0,3419.33,Cash on Delivery,Delivered,Varun Das,Corporate,North,Jaipur,Rajasthan,2025-05-03,18-25,0.038856022727272725,1709.665,Profit,2026,2026-03
ORD01023,2026-07-08,CUST0245,Electronics,Laptop,2.0,0.1,148500.0,16266.21,NetBanking,Delivered,Shreya Sharma,Consumer,North,Lucknow,Uttar Pradesh,2024-04-20,51+,0.10953676767676768,8133.105,Profit,2026,2026-07
ORD01037,2026-05-11,CUST0186,Electronics,Laptop,2.0,0.15,93500.0,4406.08,UPI,Delivered,Vikram Verma,Corporate,South,Coimbatore,Tamil Nadu,2024-03-12,18-25,0.047123850267379676,2203.04,Profit,2026,2026-05
ORD01045,2026-01-29,CUST0119,Electronics,Laptop,2.0,0.0,110000.0,18000.0,UPI,Delivered,Divya Naidu,Corporate,South,Coimbatore,Tamil Nadu,2023-05-25,36-50,0.16363636363636364,9000.0,Profit,2026,2026-01
ORD01076,2026-01-22,CUST0301,Electronics,Monitor,5.0,0.1,81000.0,11223.95,Cash on Delivery,Delivered,Pooja Bose,Consumer,South,Bengaluru,Karnataka,2025-11-12,26-35,0.1385672839506173,2244.79,Profit,2026,2026-01
ORD01080,2026-01-08,CUST0224,Electronics,Laptop,3.0,0.0,165000.0,27000.0,Cash on Delivery,Delivered,Varun Menon,Corporate,West,Mumbai,Maharashtra,2023-02-06,18-25,0.16363636363636364,9000.0,Profit,2026,2026-01
ORD01095,2025-11-30,CUST0404,Electronics,Laptop,3.0,0.0,165000.0,27000.0,Cash on Delivery,Delivered,Pooja Kulkarni,Consumer,West,Ahmedabad,Gujarat,2025-04-01,36-50,0.16363636363636364,9000.0,Profit,2025,2025-11
ORD01114,2026-06-11,CUST0079,Electronics,Laptop,2.0,0.1,99000.0,9802.72,NetBanking,Delivered,Akash Mehta,Consumer,South,Chennai,Tamil Nadu,2024-07-12,51+,0.09901737373737374,4901.36,Profit,2026,2026-06
ORD01120,2026-01-06,CUST0105,Electronics,Laptop,2.0,0.15,93500.0,-20661.19,UPI,Returned,Ishaan Pillai,Corporate,West,Surat,Gujarat,2024-11-21,26-35,-0.22097529411764705,-10330.595,Loss,2026,2026-01
ORD01123,2025-09-09,CUST0457,Electronics,Monitor,6.0,0.0,108000.0,21000.0,Cash on Delivery,Delivered,Karthik Bose,Home Office,South,Hyderabad,Telangana,2025-04-05,51+,0.19444444444444445,3500.0,Profit,2025,2025-09
ORD01125,2026-02-04,CUST0410,Electronics,Laptop,2.0,0.1,99000.0,10320.23,Cash on Delivery,Delivered,Pooja Iyer,Corporate,South,Bengaluru,Karnataka,2025-07-08,18-25,0.10424474747474748,5160.115,Profit,2026,2026-02
ORD01142,2025-10-27,CUST0229,Furniture,Desk,15.0,0.1,202500.0,-99848.55,Card,Returned,Harini Chopra,Consumer,South,Bengaluru,Karnataka,2025-05-19,26-35,-0.4930792592592593,-6656.570000000001,Loss,2025,2025-10
ORD01170,2026-03-20,CUST0502,Office Supplies,Printer,15.0,0.05,199500.0,36659.51,Cash on Delivery,Delivered,Kavya Nair,Home Office,West,Pune,Maharashtra,2024-02-11,51+,0.18375694235588974,2443.9673333333335,Profit,2026,2026-03
ORD01187,2026-03-27,CUST0221,Furniture,Bookshelf,15.0,0.1,148500.0,28878.92,NetBanking,Delivered,Divya Pillai,Corporate,East,Guwahati,Assam,2024-07-01,36-50,0.19447084175084173,1925.2613333333331,Profit,2026,2026-03
ORD01205,2026-07-21,CUST0391,Electronics,Laptop,2.0,0.15,93500.0,6609.53,UPI,Delivered,Divya Das,Home Office,South,Bengaluru,Karnataka,2023-03-08,36-50,0.07069016042780749,3304.765,Profit,2026,2026-07
ORD01206,2025-08-22,CUST0200,Office Supplies,Printer,15.0,0.0,210000.0,42000.0,Card,Delivered,Nisha Mishra,Home Office,South,Bengaluru,Karnataka,2023-10-31,51+,0.2,2800.0,Profit,2025,2025-08
ORD01223,2025-08-07,CUST0094,Electronics,Monitor,6.0,0.1,97200.0,13627.16,Card,Shipped,Akash Joshi,Corporate,East,Kolkata,West Bengal,2025-06-22,36-50,0.1401971193415638,2271.193333333333,Profit,2025,2025-08
ORD01226,2026-08-20,CUST0192,Electronics,Laptop,3.0,0.1,148500.0,17701.64,Cash on Delivery,Delivered,Kavya Verma,Home Office,East,Bhubaneswar,Odisha,2023-06-15,36-50,0.11920296296296296,5900.546666666666,Profit,2026,2026-08
ORD01229,2025-08-30,CUST0523,Electronics,Laptop,2.0,0.0,110000.0,18000.0,Card,Delivered,Vikram Kulkarni,Consumer,North,Chandigarh,Chandigarh,2023-09-25,51+,0.16363636363636364,9000.0,Profit,2025,2025-08
ORD01242,2025-11-19,CUST0565,Electronics,Laptop,3.0,0.1,148500.0,17605.13,UPI,Delivered,Rahul Bose,Consumer,South,Coimbatore,Tamil Nadu,2024-03-26,51+,0.11855306397306398,5868.376666666667,Profit,2025,2025-11
ORD01250,2026-05-15,CUST0240,Electronics,Monitor,6.0,0.1,97200.0,12915.57,NetBanking,Delivered,Kavya Joshi,Consumer,West,Mumbai,Maharashtra,2024-05-21,51+,0.13287623456790124,2152.595,Profit,2026,2026-05
ORD01253,2026-02-04,CUST0412,Electronics,Monitor,6.0,0.15,91800.0,11523.03,Cash on Delivery,Delivered,Akash Khan,Consumer,South,Chennai,Tamil Nadu,2025-03-27,26-35,0.1255232026143791,1920.505,Profit,2026,2026-02
ORD01273,2026-08-27,CUST0111,Electronics,Laptop,2.0,0.1,99000.0,11600.03,Card,Delivered,Akash Verma,Consumer,West,Pune,Maharashtra,2023-06-12,36-50,0.11717202020202021,5800.015,Profit,2026,2026-08
ORD01281,2025-10-21,CUST0242,Electronics,Monitor,5.0,0.0,90000.0,17500.0,Cash on Delivery,Delivered,Priya Singh,Consumer,West,Pune,Maharashtra,2024-11-26,26-35,0.19444444444444445,3500.0,Profit,2025,2025-10
ORD01284,2026-02-26,CUST0179,Electronics,Laptop,2.0,0.05,104500.0,14242.9,Cash on Delivery,Shipped,Akash Pillai,Consumer,West,Pune,Maharashtra,2024-09-14,51+,0.1362956937799043,7121.45,Profit,2026,2026-02
ORD01306,2026-05-10,CUST0431,Electronics,Laptop,3.0,0.05,156750.0,21934.79,Card,Shipped,Manoj Naidu,Corporate,South,Bengaluru,Karnataka,2023-01-16,36-50,0.1399348644338118,7311.596666666667,Profit,2026,2026-05
ORD01324,2025-12-14,CUST0374,Electronics,Monitor,5.0,0.0,90000.0,17500.0,UPI,Delivered,Ishaan Chopra,Consumer,South,Bengaluru,Karnataka,2024-09-12,18-25,0.19444444444444445,3500.0,Profit,2025,2025-12
ORD01326,2025-07-02,CUST0065,Electronics,Laptop,3.0,0.1,148500.0,17514.77,Card,Delivered,Sneha Singh,Consumer,South,Hyderabad,Telangana,2023-03-24,18-25,0.11794457912457913,5838.256666666667,Profit,2025,2025-07
ORD01328,2025-11-05,CUST0522,Electronics,Laptop,5.0,0.05,261250.0,38173.77,Cash on Delivery,Delivered,Karthik Joshi,Home Office,South,Bengaluru,Karnataka,2023-06-28,36-50,0.1461196937799043,7634.753999999999,Profit,2025,2025-11
ORD01331,2026-03-10,CUST0236,Electronics,Monitor,5.0,0.0,90000.0,17500.0,Cash on Delivery,Delivered,Akash Sharma,Consumer,East,Guwahati,Assam,2024-04-07,36-50,0.19444444444444445,3500.0,Profit,2026,2026-03
ORD01336,2026-03-29,CUST0313,Electronics,Laptop,3.0,0.1,148500.0,17767.64,Card,Delivered,Ananya Reddy,Home Office,North,Chandigarh,Chandigarh,2025-09-06,26-35,0.1196474074074074,5922.546666666666,Profit,2026,2026-03
ORD01341,2026-08-16,CUST0314,Electronics,Laptop,2.0,0.0,110000.0,18000.0,Card,Delivered,Aarav Mishra,Consumer,South,Bengaluru,Karnataka,2025-10-30,26-35,0.16363636363636364,9000.0,Profit,2026,2026-08
ORD01347,2025-07-15,CUST0195,Electronics,Laptop,2.0,0.0,110000.0,18000.0,Cash on Delivery,Delivered,Nisha Kulkarni,Corporate,South,Coimbatore,Tamil Nadu,2024-04-23,18-25,0.16363636363636364,9000.0,Profit,2025,2025-07
ORD01356,2026-05-02,CUST0339,Electronics,Laptop,5.0,0.2,220000.0,14484.29,Cash on Delivery,Shipped,Meera Das,Consumer,West,Mumbai,Maharashtra,2023-04-03,36-50,0.06583768181818182,2896.858,Profit,2026,2026-05
ORD01360,2026-01-19,CUST0090,Electronics,Laptop,2.0,0.0,110000.0,18000.0,Card,Delivered,Nisha Bose,Corporate,South,Coimbatore,Tamil Nadu,2024-09-07,51+,0.16363636363636364,9000.0,Profit,2026,2026-01
ORD01367,2026-05-09,CUST0056,Furniture,Cabinet,6.0,0.0,78000.0,19200.0,UPI,Shipped,Vikram Pillai,Consumer,East,Patna,Bihar,2024-11-12,18-25,0.24615384615384617,3200.0,Profit,2026,2026-05
ORD01368,2026-01-02,CUST0177,Electronics,Laptop,5.0,0.1,247500.0,29677.13,NetBanking,Delivered,Lakshmi Mehta,Home Office,West,Mumbai,Maharashtra,2023-11-03,26-35,0.11990759595959596,5935.426,Profit,2026,2026-01
ORD01387,2026-08-28,CUST0374,Electronics,Laptop,3.0,0.1,148500.0,17401.22,Cash on Delivery,Delivered,Ishaan Chopra,Consumer,South,Bengaluru,Karnataka,2024-09-12,18-25,0.11717993265993266,5800.406666666667,Profit,2026,2026-08
ORD01404,2026-01-13,CUST0420,Electronics,Laptop,2.0,0.2,88000.0,7002.79,UPI,Shipped,Ishaan Gupta,Consumer,North,Delhi,Delhi,2024-04-07,36-50,0.0795771590909091,3501.395,Profit,2026,2026-01
ORD01407,2026-05-03,CUST0572,Electronics,Laptop,2.0,0.0,110000.0,18000.0,Card,Delivered,Manoj Kulkarni,Corporate,North,Lucknow,Uttar Pradesh,2024-03-30,18-25,0.16363636363636364,9000.0,Profit,2026,2026-05
ORD01425,2025-12-31,CUST0443,Electronics,Laptop,5.0,0.1,247500.0,-68668.95,Card,Cancelled,Akash Sharma,Corporate,South,Coimbatore,Tamil Nadu,2023-10-10,51+,-0.277450303030303,-13733.789999999999,Loss,2025,2025-12
ORD01440,2026-04-01,CUST0435,Electronics,Laptop,5.0,0.2,220000.0,12601.32,Card,Delivered,Lakshmi Menon,Consumer,South,Chennai,Tamil Nadu,2025-04-17,26-35,0.05727872727272727,2520.264,Profit,2026,2026-04
ORD01441,2026-01-15,CUST0529,Electronics,Laptop,2.0,0.15,93500.0,9194.5,Card,Shipped,Ananya Rao,Corporate,West,Surat,Gujarat,2023-10-24,18-25,0.09833689839572192,4597.25,Profit,2026,2026-01
ORD01456,2026-07-20,CUST0073,Electronics,Laptop,2.0,0.1,99000.0,12526.28,Cash on Delivery,Delivered,Kavya Pillai,Consumer,South,Hyderabad,Telangana,2023-04-01,26-35,0.1265280808080808,6263.14,Profit,2026,2026-07
ORD01466,2026-07-21,CUST0007,Electronics,Laptop,3.0,0.1,148500.0,19308.48,NetBanking,Delivered,Harini Khan,Consumer,South,Bengaluru,Karnataka,2025-07-02,36-50,0.13002343434343433,6436.16,Profit,2026,2026-07
ORD01486,2026-06-14,CUST0301,Electronics,Laptop,2.0,0.05,104500.0,15247.95,Card,Delivered,Pooja Bose,Consumer,South,Bengaluru,Karnataka,2025-11-12,26-35,0.1459133971291866,7623.975,Profit,2026,2026-06
ORD01491,2026-08-22,CUST0126,Electronics,Laptop,4.0,0.0,220000.0,36000.0,Cash on Delivery,Shipped,Manoj Mehta,Corporate,South,Bengaluru,Karnataka,2025-10-04,36-50,0.16363636363636364,9000.0,Profit,2026,2026-08
ORD01493,2026-03-29,CUST0208,Electronics,Laptop,5.0,0.15,233750.0,-120992.04,UPI,Returned,Sneha Pillai,Consumer,South,Hyderabad,Telangana,2025-02-01,26-35,-0.5176130053475936,-24198.408,Loss,2026,2026-03
ORD01513,2026-01-01,CUST0113,Electronics,Laptop,5.0,0.0,275000.0,45000.0,Cash on Delivery,Delivered,Diya Pillai,Home Office,West,Ahmedabad,Gujarat,2024-08-29,26-35,0.16363636363636364,9000.0,Profit,2026,2026-01
ORD01514,2025-07-25,CUST0046,Electronics,Monitor,5.0,0.1,81000.0,10920.01,NetBanking,Delivered,Kavya Pillai,Corporate,East,Kolkata,West Bengal,2025-11-12,36-50,0.13481493827160493,2184.002,Profit,2025,2025-07
ORD01524,2026-08-08,CUST0042,Electronics,Laptop,4.0,0.0,220000.0,36000.0,NetBanking,Delivered,Vikram Khan,Consumer,West,Pune,Maharashtra,2025-04-16,18-25,0.16363636363636364,9000.0,Profit,2026,2026-08
ORD01527,2025-09-12,CUST0368,Electronics,Laptop,10.0,0.1,495000.0,44354.5,Card,Delivered,Ananya Reddy,Corporate,East,Patna,Bihar,2025-07-31,26-35,0.08960505050505051,4435.45,Profit,2025,2025-09
ORD01538,2025-08-11,CUST0190,Furniture,Bookshelf,10.0,0.05,104500.0,23376.45,Cash on Delivery,Delivered,Rohan Naidu,Consumer,South,Coimbatore,Tamil Nadu,2023-02-24,26-35,0.22369808612440192,2337.645,Profit,2025,2025-08
ORD01580,2025-08-29,CUST0489,Furniture,Desk,10.0,0.1,135000.0,28233.78,Card,Delivered,Kavya Das,Consumer,South,Coimbatore,Tamil Nadu,2024-03-29,26-35,0.2091391111111111,2823.3779999999997,Profit,2025,2025-08
ORD01586,2025-09-11,CUST0081,Electronics,Laptop,2.0,0.15,93500.0,-15211.7,Card,Cancelled,Ananya Rao,Home Office,South,Chennai,Tamil Nadu,2023-10-09,36-50,-0.16269197860962567,-7605.85,Loss,2025,2025-09
ORD01610,2026-04-08,CUST0310,Electronics,Laptop,2.0,0.0,110000.0,-28584.64,Cash on Delivery,Returned,Karthik Chopra,Corporate,East,Guwahati,Assam,2024-09-09,18-25,-0.2598603636363636,-14292.32,Loss,2026,2026-04
ORD01660,2026-07-02,CUST0195,Electronics,Laptop,4.0,0.2,176000.0,12191.07,Cash on Delivery,Shipped,Nisha Kulkarni,Corporate,South,Coimbatore,Tamil Nadu,2024-04-23,18-25,0.06926744318181818,3047.7675,Profit,2026,2026-07
ORD01669,2026-05-06,CUST0136,Electronics,Laptop,3.0,0.05,156750.0,-48839.95,Card,Returned,Meera Patel,Consumer,North,Delhi,Delhi,2024-08-15,36-50,-0.3115786283891547,-16279.983333333332,Loss,2026,2026-05
ORD01670,2026-03-30,CUST0040,Electronics,Laptop,2.0,0.1,99000.0,9704.76,Card,Delivered,Shreya Reddy,Consumer,North,Delhi,Delhi,2025-05-04,26-35,0.09802787878787879,4852.38,Profit,2026,2026-03
ORD01687,2025-07-20,CUST0168,Electronics,Laptop,4.0,0.1,198000.0,24175.88,Cash on Delivery,Delivered,Shreya Sharma,Corporate,West,Ahmedabad,Gujarat,2025-04-13,51+,0.12210040404040405,6043.97,Profit,2025,2025-07
ORD01689,2026-07-20,CUST0411,Electronics,Laptop,5.0,0.15,233750.0,24550.03,UPI,Delivered,Arjun Mehta,Corporate,South,Bengaluru,Karnataka,2023-02-18,36-50,0.10502686631016042,4910.005999999999,Profit,2026,2026-07
ORD01704,2025-10-03,CUST0064,Electronics,Laptop,3.0,0.1,148500.0,14449.83,Card,Shipped,Diya Rao,Corporate,South,Chennai,Tamil Nadu,2025-05-13,26-35,0.09730525252525253,4816.61,Profit,2025,2025-10
ORD01712,2025-12-31,CUST0395,Electronics,Laptop,3.0,0.05,156750.0,21075.31,NetBanking,Delivered,Ananya Gupta,Consumer,North,Lucknow,Uttar Pradesh,2025-01-30,18-25,0.13445173843700162,7025.1033333333335,Profit,2025,2025-12
ORD01719,2025-07-25,CUST0365,Electronics,Laptop,2.0,0.1,99000.0,9970.96,Card,Delivered,Rohan Naidu,Consumer,West,Pune,Maharashtra,2023-05-21,26-35,0.10071676767676767,4985.48,Profit,2025,2025-07
ORD01734,2026-06-24,CUST0029,Furniture,Cabinet,15.0,0.0,195000.0,48000.0,NetBanking,Delivered,Rohan Kulkarni,Consumer,West,Mumbai,Maharashtra,2023-04-17,36-50,0.24615384615384617,3200.0,Profit,2026,2026-06
ORD01763,2026-08-12,CUST0384,Electronics,Laptop,2.0,0.15,93500.0,7070.31,NetBanking,Delivered,Pooja Gupta,Corporate,West,Pune,Maharashtra,2025-11-14,36-50,0.07561828877005349,3535.155,Profit,2026,2026-08
ORD01772,2026-06-17,CUST0252,Electronics,Laptop,4.0,0.3,154000.0,-12879.74,UPI,Delivered,Ishaan Pillai,Consumer,South,Coimbatore,Tamil Nadu,2024-06-19,36-50,-0.08363467532467532,-3219.935,Loss,2026,2026-06
ORD01779,2026-03-28,CUST0343,Electronics,Monitor,5.0,0.0,90000.0,17500.0,Card,Delivered,Meera Iyer,Consumer,South,Bengaluru,Karnataka,2024-08-02,36-50,0.19444444444444445,3500.0,Profit,2026,2026-03
ORD01799,2025-10-21,CUST0018,Electronics,Laptop,2.0,0.0,110000.0,18000.0,Cash on Delivery,Delivered,Aditya Mehta,Consumer,South,Hyderabad,Telangana,2025-01-15,51+,0.16363636363636364,9000.0,Profit,2025,2025-10
ORD01819,2026-06-04,CUST0516,Electronics,Laptop,4.0,0.1,198000.0,24370.8,NetBanking,Delivered,Rahul Mishra,Corporate,South,Hyderabad,Telangana,2024-01-31,26-35,0.12308484848484848,6092.7,Profit,2026,2026-06
ORD01823,2025-07-05,CUST0393,Electronics,Laptop,3.0,0.15,140250.0,9961.35,NetBanking,Delivered,Vikram Patel,Corporate,West,Mumbai,Maharashtra,2024-07-03,36-50,0.07102566844919786,3320.4500000000003,Profit,2025,2025-07
ORD01827,2025-08-05,CUST0567,Electronics,Laptop,6.0,0.2,264000.0,17128.93,UPI,Delivered,Ananya Chopra,Home Office,West,Pune,Maharashtra,2025-09-20,26-35,0.0648823106060606,2854.8216666666667,Profit,2025,2025-08
ORD01832,2026-01-22,CUST0389,Electronics,Laptop,3.0,0.15,140250.0,13083.3,UPI,Delivered,Manoj Pillai,Corporate,East,Patna,Bihar,2023-07-09,36-50,0.0932855614973262,4361.099999999999,Profit,2026,2026-01
ORD01854,2026-04-16,CUST0553,Electronics,Laptop,2.0,0.2,88000.0,730.7,Cash on Delivery,Shipped,Diya Mishra,Home Office,South,Coimbatore,Tamil Nadu,2025-01-24,36-50,0.008303409090909092,365.35,Profit,2026,2026-04
ORD01858,2026-01-10,CUST0570,Electronics,Laptop,2.0,0.1,99000.0,8966.5,Card,Shipped,Divya Sharma,Home Office,North,Delhi,Delhi,2024-10-31,18-25,0.09057070707070707,4483.25,Profit,2026,2026-01
ORD01865,2026-06-19,CUST0402,Electronics,Monitor,6.0,0.1,97200.0,14643.84,Cash on Delivery,Delivered,Diya Pillai,Corporate,South,Chennai,Tamil Nadu,2025-08-08,36-50,0.15065679012345679,2440.64,Profit,2026,2026-06
ORD01867,2026-03-02,CUST0401,Electronics,Laptop,2.0,0.2,88000.0,-411.49,UPI,Delivered,Ananya Nair,Consumer,South,Hyderabad,Telangana,2024-04-08,26-35,-0.0046760227272727274,-205.745,Loss,2026,2026-03
ORD01868,2026-05-07,CUST0375,Furniture,Cabinet,10.0,0.2,104000.0,17571.79,UPI,Delivered,Sneha Pillai,Consumer,South,Bengaluru,Karnataka,2024-01-03,26-35,0.16895951923076924,1757.179,Profit,2026,2026-05
ORD01877,2025-12-12,CUST0215,Office Supplies,Printer,6.0,0.0,84000.0,16800.0,UPI,Shipped,Pooja Reddy,Corporate,South,Bengaluru,Karnataka,2025-07-16,26-35,0.2,2800.0,Profit,2025,2025-12
ORD01891,2026-03-17,CUST0596,Electronics,Laptop,3.0,0.2,132000.0,6920.91,Card,Shipped,Manoj Rao,Consumer,South,Bengaluru,Karnataka,2024-01-21,18-25,0.05243113636363636,2306.97,Profit,2026,2026-03
ORD01903,2026-08-11,CUST0018,Electronics,Laptop,5.0,0.1,247500.0,27155.66,Cash on Delivery,Delivered,Aditya Mehta,Consumer,South,Hyderabad,Telangana,2025-01-15,51+,0.10971983838383838,5431.132,Profit,2026,2026-08
ORD01907,2025-10-29,CUST0243,Electronics,Monitor,5.0,0.05,85500.0,13903.96,Card,Delivered,Manoj Das,Corporate,East,Kolkata,West Bengal,2023-02-23,26-35,0.16261941520467835,2780.792,Profit,2025,2025-10
ORD01908,2026-03-27,CUST0289,Electronics,Laptop,2.0,0.15,93500.0,8310.27,Card,Shipped,Rahul Iyer,Home Office,South,Coimbatore,Tamil Nadu,2023-01-07,18-25,0.08887989304812835,4155.135,Profit,2026,2026-03
ORD01926,2025-07-07,CUST0428,Electronics,Monitor,6.0,0.0,108000.0,-8859.0,Cash on Delivery,Cancelled,Akash Iyer,Home Office,North,Chandigarh,Chandigarh,2024-08-10,26-35,-0.08202777777777778,-1476.5,Loss,2025,2025-07
ORD01927,2025-11-10,CUST0007,Furniture,Desk,10.0,0.1,135000.0,22646.15,UPI,Delivered,Harini Khan,Consumer,South,Bengaluru,Karnataka,2025-07-02,36-50,0.16774925925925926,2264.6150000000002,Profit,2025,2025-11
ORD01956,2026-08-20,CUST0481,Electronics,Laptop,3.0,0.3,115500.0,2179.29,Cash on Delivery,Shipped,Diya Kulkarni,Corporate,North,Lucknow,Uttar Pradesh,2024-07-28,26-35,0.018868311688311688,726.43,Profit,2026,2026-08
ORD01957,2026-05-14,CUST0585,Electronics,Laptop,6.0,0.15,280500.0,27550.21,Cash on Delivery,Delivered,Diya Reddy,Corporate,South,Bengaluru,Karnataka,2024-03-03,51+,0.0982182174688057,4591.701666666667,Profit,2026,2026-05
ORD01966,2025-11-24,CUST0457,Electronics,Laptop,3.0,0.1,148500.0,13754.34,UPI,Delivered,Karthik Bose,Home Office,South,Hyderabad,Telangana,2025-04-05,51+,0.09262181818181818,4584.78,Profit,2025,2025-11
ORD01980,2026-07-21,CUST0159,Furniture,Bookshelf,15.0,0.3,115500.0,-33038.71,UPI,Returned,Rahul Reddy,Corporate,North,Jaipur,Rajasthan,2025-07-05,51+,-0.2860494372294372,-2202.5806666666667,Loss,2026,2026-07
ORD01987,2026-06-01,CUST0384,Electronics,Laptop,10.0,0.2,440000.0,-2323.52,NetBanking,Delivered,Pooja Gupta,Corporate,West,Pune,Maharashtra,2025-11-14,36-50,-0.005280727272727273,-232.352,Loss,2026,2026-06
ORD01996,2026-02-01,CUST0418,Furniture,Desk,6.0,0.05,85500.0,17679.06,UPI,Delivered,Pooja Menon,Home Office,West,Pune,Maharashtra,2023-08-14,18-25,0.20677263157894737,2946.51,Profit,2026,2026-02
ORD02000,2025-09-06,CUST0583,Electronics,Laptop,2.0,0.05,104500.0,15124.97,Cash on Delivery,Shipped,Shreya Menon,Home Office,West,Ahmedabad,Gujarat,2023-09-05,26-35,0.14473655502392344,7562.485,Profit,2025,2025-09
ORD02019,2026-03-25,CUST0590,Electronics,Monitor,6.0,0.0,108000.0,21000.0,Cash on Delivery,Shipped,Aarav Bose,Consumer,West,Pune,Maharashtra,2025-08-22,36-50,0.19444444444444445,3500.0,Profit,2026,2026-03
ORD02029,2025-11-06,CUST0235,Electronics,Laptop,3.0,0.0,165000.0,27000.0,UPI,Delivered,Harini Gupta,Consumer,West,Pune,Maharashtra,2024-04-09,26-35,0.16363636363636364,9000.0,Profit,2025,2025-11
ORD02031,2026-08-20,CUST0018,Electronics,Laptop,3.0,0.1,148500.0,14865.54,Card,Shipped,Aditya Mehta,Consumer,South,Hyderabad,Telangana,2025-01-15,51+,0.10010464646464647,4955.18,Profit,2026,2026-08
ORD02065,2026-07-17,CUST0316,Electronics,Laptop,5.0,0.0,275000.0,45000.0,Cash on Delivery,Delivered,Sneha Iyer,Home Office,East,Guwahati,Assam,2024-04-21,26-35,0.16363636363636364,9000.0,Profit,2026,2026-07
ORD02069,2025-09-15,CUST0117,Furniture,Cabinet,10.0,0.1,117000.0,23212.74,UPI,Delivered,Aarav Patel,Consumer,North,Lucknow,Uttar Pradesh,2025-09-18,26-35,0.1983994871794872,2321.2740000000003,Profit,2025,2025-09
ORD02083,2026-07-27,CUST0266,Electronics,Laptop,3.0,0.05,156750.0,21943.69,Cash on Delivery,Shipped,Priya Khan,Consumer,West,Pune,Maharashtra,2023-08-25,26-35,0.13999164274322168,7314.563333333333,Profit,2026,2026-07
ORD02104,2025-11-26,CUST0061,Electronics,Monitor,5.0,0.0,90000.0,17500.0,Cash on Delivery,Delivered,Meera Kulkarni,Consumer,South,Bengaluru,Karnataka,2024-11-07,18-25,0.19444444444444445,3500.0,Profit,2025,2025-11
ORD02122,2026-07-20,CUST0192,Electronics,Laptop,4.0,0.0,220000.0,36000.0,UPI,Delivered,Kavya Verma,Home Office,East,Bhubaneswar,Odisha,2023-06-15,36-50,0.16363636363636364,9000.0,Profit,2026,2026-07
ORD02128,2025-10-20,CUST0083,Electronics,Laptop,2.0,0.1,99000.0,11635.29,NetBanking,Delivered,Nisha Singh,Consumer,South,Bengaluru,Karnataka,2024-07-24,26-35,0.11752818181818182,5817.645,Profit,2025,2025-10
ORD02135,2025-08-04,CUST0171,Electronics,Laptop,4.0,0.15,187000.0,20984.77,Card,Delivered,Nisha Reddy,Consumer,North,Jaipur,Rajasthan,2025-06-10,36-50,0.11221802139037433,5246.1925,Profit,2025,2025-08
ORD02143,2025-10-30,CUST0108,Electronics,Laptop,3.0,0.05,156750.0,20053.71,NetBanking,Delivered,Ananya Sharma,Corporate,North,Chandigarh,Chandigarh,2025-12-04,26-35,0.12793435406698564,6684.57,Profit,2025,2025-10
ORD02154,2025-08-25,CUST0112,Electronics,Laptop,2.0,0.1,99000.0,9637.36,NetBanking,Delivered,Akash Khan,Consumer,West,Pune,Maharashtra,2025-03-04,26-35,0.09734707070707072,4818.68,Profit,2025,2025-08
ORD02160,2026-07-29,CUST0436,Furniture,Cabinet,15.0,0.2,156000.0,16578.11,NetBanking,Delivered,Divya Patel,Consumer,West,Surat,Gujarat,2025-10-12,26-35,0.1062699358974359,1105.2073333333333,Profit,2026,2026-07
ORD02163,2026-03-11,CUST0469,Electronics,Laptop,3.0,0.0,165000.0,27000.0,NetBanking,Delivered,Kavya Khan,Corporate,East,Bhubaneswar,Odisha,2025-06-06,26-35,0.16363636363636364,9000.0,Profit,2026,2026-03
ORD02175,2025-08-28,CUST0278,Office Supplies,Printer,15.0,0.0,210000.0,42000.0,UPI,Delivered,Sneha Mehta,Corporate,East,Guwahati,Assam,2025-03-21,26-35,0.2,2800.0,Profit,2025,2025-08
ORD02202,2025-11-19,CUST0364,Electronics,Laptop,2.0,0.2,88000.0,-32528.08,Card,Cancelled,Varun Bose,Consumer,North,Delhi,Delhi,2024-10-25,18-25,-0.36963727272727276,-16264.04,Loss,2025,2025-11
ORD02203,2025-08-15,CUST0228,Electronics,Laptop,4.0,0.05,209000.0,30622.01,Card,Delivered,Rohan Reddy,Home Office,South,Coimbatore,Tamil Nadu,2025-11-28,36-50,0.1465167942583732,7655.5025,Profit,2025,2025-08
ORD02208,2025-11-21,CUST0019,Electronics,Monitor,5.0,0.1,81000.0,10099.63,Card,Delivered,Ishaan Pillai,Consumer,West,Ahmedabad,Gujarat,2023-06-28,36-50,0.12468679012345678,2019.926,Profit,2025,2025-11
ORD02221,2025-10-26,CUST0129,Electronics,Laptop,4.0,0.0,220000.0,36000.0,UPI,Delivered,Varun Patel,Consumer,East,Kolkata,West Bengal,2024-08-22,51+,0.16363636363636364,9000.0,Profit,2025,2025-10
ORD02231,2026-05-04,CUST0520,Furniture,Bookshelf,10.0,0.05,104500.0,21974.19,Cash on Delivery,Delivered,Karthik Chopra,Consumer,South,Chennai,Tamil Nadu,2023-12-09,26-35,0.21027933014354067,2197.419,Profit,2026,2026-05
ORD02237,2026-01-07,CUST0104,Furniture,Desk,6.0,0.0,90000.0,21000.0,NetBanking,Delivered,Karthik Gupta,Consumer,North,Delhi,Delhi,2024-07-15,36-50,0.23333333333333334,3500.0,Profit,2026,2026-01
ORD02248,2026-04-25,CUST0096,Furniture,Cabinet,6.0,0.0,78000.0,19200.0,UPI,Delivered,Harini Bose,Corporate,West,Pune,Maharashtra,2025-01-14,51+,0.24615384615384617,3200.0,Profit,2026,2026-04
ORD02253,2026-08-07,CUST0520,Electronics,Laptop,3.0,0.2,132000.0,1359.31,NetBanking,Delivered,Karthik Chopra,Consumer,South,Chennai,Tamil Nadu,2023-12-09,26-35,0.01029780303030303,453.1033333333333,Profit,2026,2026-08
ORD02272,2026-07-17,CUST0114,Furniture,Office Chair,15.0,0.1,121500.0,27591.66,Card,Delivered,Aarav Reddy,Corporate,South,Coimbatore,Tamil Nadu,2023-11-15,18-25,0.22709185185185185,1839.444,Profit,2026,2026-07
ORD02291,2025-10-03,CUST0166,Electronics,Laptop,2.0,0.1,99000.0,9360.41,Card,Delivered,Arjun Gupta,Home Office,South,Chennai,Tamil Nadu,2024-10-19,18-25,0.09454959595959596,4680.205,Profit,2025,2025-10
ORD02325,2026-01-14,CUST0430,Electronics,Laptop,5.0,0.0,275000.0,45000.0,UPI,Delivered,Akash Mishra,Consumer,East,Patna,Bihar,2023-02-09,36-50,0.16363636363636364,9000.0,Profit,2026,2026-01
ORD02361,2026-08-03,CUST0333,Electronics,Laptop,6.0,0.1,297000.0,37548.45,Card,Delivered,Aditya Gupta,Consumer,South,Chennai,Tamil Nadu,2023-02-18,26-35,0.12642575757575755,6258.075,Profit,2026,2026-08
ORD02380,2025-12-28,CUST0325,Electronics,Laptop,2.0,0.05,104500.0,15279.24,Card,Shipped,Arjun Mishra,Consumer,South,Chennai,Tamil Nadu,2023-05-08,51+,0.14621282296650717,7639.62,Profit,2025,2025-12
ORD02392,2026-05-28,CUST0264,Electronics,Laptop,3.0,0.05,156750.0,-73522.26,UPI,Returned,Sneha Kulkarni,Corporate,South,Chennai,Tamil Nadu,2024-02-11,51+,-0.4690415311004784,-24507.42,Loss,2026,2026-05
ORD02397,2025-08-02,CUST0262,Electronics,Laptop,5.0,0.05,261250.0,36093.64,Cash on Delivery,Delivered,Varun Menon,Corporate,North,Chandigarh,Chandigarh,2025-12-16,36-50,0.13815747368421052,7218.728,Profit,2025,2025-08
ORD02398,2026-04-12,CUST0291,Electronics,Laptop,4.0,0.0,220000.0,36000.0,Cash on Delivery,Shipped,Divya Chopra,Corporate,South,Bengaluru,Karnataka,2023-10-19,18-25,0.16363636363636364,9000.0,Profit,2026,2026-04
ORD02400,2026-01-27,CUST0173,Electronics,Laptop,5.0,0.0,275000.0,-53981.43,Cash on Delivery,Cancelled,Rohan Rao,Corporate,South,Bengaluru,Karnataka,2024-03-17,18-25,-0.19629610909090908,-10796.286,Loss,2026,2026-01
ORD02406,2026-05-11,CUST0335,Electronics,Laptop,2.0,0.1,99000.0,-18206.18,NetBanking,Cancelled,Diya Pillai,Consumer,South,Bengaluru,Karnataka,2025-05-24,36-50,-0.18390080808080808,-9103.09,Loss,2026,2026-05
ORD02410,2025-11-13,CUST0090,Electronics,Laptop,2.0,0.15,93500.0,6062.54,UPI,Shipped,Nisha Bose,Corporate,South,Coimbatore,Tamil Nadu,2024-09-07,51+,0.06484,3031.27,Profit,2025,2025-11
ORD02421,2026-05-17,CUST0565,Electronics,Laptop,3.0,0.15,140250.0,8270.01,NetBanking,Delivered,Rahul Bose,Consumer,South,Coimbatore,Tamil Nadu,2024-03-26,51+,0.05896620320855615,2756.67,Profit,2026,2026-05
ORD02457,2025-12-09,CUST0211,Electronics,Laptop,2.0,0.0,110000.0,18000.0,Cash on Delivery,Delivered,Akash Kulkarni,Consumer,West,Surat,Gujarat,2024-06-07,36-50,0.16363636363636364,9000.0,Profit,2025,2025-12
ORD02467,2025-12-04,CUST0049,Furniture,Cabinet,15.0,0.0,195000.0,48000.0,UPI,Delivered,Lakshmi Kulkarni,Consumer,West,Ahmedabad,Gujarat,2023-01-08,26-35,0.24615384615384617,3200.0,Profit,2025,2025-12
ORD02479,2026-05-27,CUST0468,Furniture,Desk,10.0,0.15,127500.0,24505.69,UPI,Delivered,Lakshmi Mehta,Corporate,South,Chennai,Tamil Nadu,2023-03-02,26-35,0.19220149019607843,2450.569,Profit,2026,2026-05
ORD02483,2026-07-02,CUST0600,Electronics,Monitor,6.0,0.2,86400.0,-51842.21,UPI,Returned,Shreya Sharma,Home Office,North,Jaipur,Rajasthan,2024-09-15,36-50,-0.6000255787037037,-8640.368333333334,Loss,2026,2026-07
ORD02495,2026-02-21,CUST0599,Furniture,Desk,6.0,0.1,81000.0,13687.75,Cash on Delivery,Delivered,Rahul Das,Corporate,South,Coimbatore,Tamil Nadu,2024-01-12,26-35,0.16898456790123456,2281.2916666666665,Profit,2026,2026-02
ORD02511,2026-02-01,CUST0456,Electronics,Laptop,3.0,0.0,165000.0,27000.0,UPI,Delivered,Ananya Das,Consumer,East,Patna,Bihar,2025-06-07,18-25,0.16363636363636364,9000.0,Profit,2026,2026-02
ORD02516,2026-02-02,CUST0051,Electronics,Laptop,2.0,0.2,88000.0,1637.01,Cash on Delivery,Delivered,Aditya Sharma,Consumer,East,Guwahati,Assam,2025-06-30,26-35,0.018602386363636363,818.505,Profit,2026,2026-02
ORD02547,2025-11-11,CUST0061,Electronics,Laptop,2.0,0.05,104500.0,15292.96,NetBanking,Delivered,Meera Kulkarni,Consumer,South,Bengaluru,Karnataka,2024-11-07,18-25,0.14634411483253587,7646.48,Profit,2025,2025-11
ORD02550,2025-07-18,CUST0229,Electronics,Laptop,15.0,0.2,660000.0,-479560.98,NetBanking,Returned,Harini Chopra,Consumer,South,Bengaluru,Karnataka,2025-05-19,26-35,-0.7266075454545454,-31970.732,Loss,2025,2025-07
ORD02563,2026-07-26,CUST0483,Electronics,Laptop,5.0,0.0,275000.0,-171858.98,NetBanking,Returned,Harini Rao,Home Office,South,Bengaluru,Karnataka,2025-12-26,18-25,-0.6249417454545455,-34371.796,Loss,2026,2026-07
ORD02603,2026-05-04,CUST0228,Furniture,Cabinet,10.0,0.2,104000.0,11247.96,NetBanking,Delivered,Rohan Reddy,Home Office,South,Coimbatore,Tamil Nadu,2025-11-28,36-50,0.10815346153846153,1124.7959999999998,Profit,2026,2026-05
ORD02617,2025-12-08,CUST0506,Electronics,Laptop,3.0,0.1,148500.0,14768.45,Card,Shipped,Sneha Mehta,Consumer,North,Jaipur,Rajasthan,2025-02-24,51+,0.09945084175084176,4922.816666666667,Profit,2025,2025-12
ORD02646,2026-02-04,CUST0468,Electronics,Laptop,2.0,0.05,104500.0,14761.34,Cash on Delivery,Shipped,Lakshmi Mehta,Corporate,South,Chennai,Tamil Nadu,2023-03-02,26-35,0.14125684210526315,7380.67,Profit,2026,2026-02
ORD02663,2025-12-05,CUST0594,Electronics,Laptop,5.0,0.05,261250.0,37439.57,UPI,Delivered,Ishaan Bose,Corporate,South,Coimbatore,Tamil Nadu,2024-06-29,51+,0.14330935885167465,7487.914,Profit,2025,2025-12
ORD02673,2025-10-06,CUST0593,Electronics,Monitor,5.0,0.1,81000.0,10679.96,Cash on Delivery,Delivered,Ananya Reddy,Corporate,North,Lucknow,Uttar Pradesh,2023-11-05,51+,0.13185135802469133,2135.9919999999997,Profit,2025,2025-10
ORD02681,2026-01-05,CUST0362,Electronics,Laptop,6.0,0.1,297000.0,34392.09,NetBanking,Delivered,Karthik Joshi,Consumer,South,Coimbatore,Tamil Nadu,2025-09-08,26-35,0.11579828282828282,5732.014999999999,Profit,2026,2026-01
ORD02682,2025-09-10,CUST0073,Electronics,Laptop,2.0,0.05,104500.0,15442.32,Cash on Delivery,Shipped,Kavya Pillai,Consumer,South,Hyderabad,Telangana,2023-04-01,26-35,0.1477733971291866,7721.16,Profit,2025,2025-09
ORD02753,2025-12-26,CUST0431,Furniture,Cabinet,10.0,0.2,104000.0,18282.22,NetBanking,Delivered,Manoj Naidu,Corporate,South,Bengaluru,Karnataka,2023-01-16,36-50,0.17579057692307692,1828.2220000000002,Profit,2025,2025-12
ORD02782,2025-07-10,CUST0167,Electronics,Laptop,6.0,0.0,330000.0,54000.0,NetBanking,Delivered,Aarav Mehta,Consumer,South,Hyderabad,Telangana,2024-10-15,51+,0.16363636363636364,9000.0,Profit,2025,2025-07
ORD02811,2026-01-24,CUST0033,Electronics,Laptop,4.0,0.1,198000.0,17636.97,NetBanking,Shipped,Ananya Das,Consumer,North,Delhi,Delhi,2023-12-18,18-25,0.08907560606060606,4409.2425,Profit,2026,2026-01
ORD02816,2026-04-25,CUST0315,Office Supplies,Printer,10.0,0.0,140000.0,28000.0,Cash on Delivery,Delivered,Harini Verma,Consumer,South,Coimbatore,Tamil Nadu,2024-10-22,18-25,0.2,2800.0,Profit,2026,2026-04
ORD02828,2025-11-27,CUST0128,Furniture,Cabinet,10.0,0.0,130000.0,32000.0,NetBanking,Delivered,Sneha Mishra,Home Office,South,Chennai,Tamil Nadu,2024-09-12,36-50,0.24615384615384617,3200.0,Profit,2025,2025-11
ORD02857,2026-04-24,CUST0528,Electronics,Monitor,6.0,0.05,102600.0,16988.54,Card,Delivered,Karthik Menon,Consumer,South,Chennai,Tamil Nadu,2024-07-24,36-50,0.16558031189083822,2831.4233333333336,Profit,2026,2026-04
ORD02882,2026-06-05,CUST0091,Electronics,Laptop,2.0,0.0,110000.0,18000.0,NetBanking,Shipped,Lakshmi Das,Corporate,East,Patna,Bihar,2024-07-22,26-35,0.16363636363636364,9000.0,Profit,2026,2026-06
ORD02887,2026-05-11,CUST0244,Electronics,Laptop,3.0,0.15,140250.0,13389.1,NetBanking,Delivered,Ishaan Khan,Consumer,South,Bengaluru,Karnataka,2024-01-08,36-50,0.09546595365418895,4463.033333333334,Profit,2026,2026-05
ORD02905,2026-02-06,CUST0511,Electronics,Laptop,3.0,0.1,148500.0,16950.21,Cash on Delivery,Shipped,Sneha Naidu,Corporate,North,Delhi,Delhi,2023-05-20,18-25,0.11414282828282828,5650.07,Profit,2026,2026-02
ORD02908,2026-06-23,CUST0218,Electronics,Laptop,2.0,0.05,104500.0,14407.29,NetBanking,Delivered,Shreya Sharma,Home Office,North,Lucknow,Uttar Pradesh,2025-01-22,36-50,0.1378688038277512,7203.645,Profit,2026,2026-06
ORD02919,2025-08-10,CUST0018,Electronics,Laptop,2.0,0.1,99000.0,8687.16,Cash on Delivery,Delivered,Aditya Mehta,Consumer,South,Hyderabad,Telangana,2025-01-15,51+,0.0877490909090909,4343.58,Profit,2025,2025-08
ORD02920,2026-03-21,CUST0513,Electronics,Laptop,3.0,0.15,140250.0,7235.69,Cash on Delivery,Delivered,Varun Das,Corporate,North,Jaipur,Rajasthan,2025-05-03,18-25,0.051591372549019604,2411.8966666666665,Profit,2026,2026-03
ORD02933,2026-07-22,CUST0139,Furniture,Bookshelf,15.0,0.1,148500.0,31008.69,Cash on Delivery,Delivered,Lakshmi Das,Corporate,West,Surat,Gujarat,2023-05-25,36-50,0.20881272727272726,2067.246,Profit,2026,2026-07
ORD02942,2026-05-14,CUST0469,Electronics,Laptop,2.0,0.0,110000.0,18000.0,Cash on Delivery,Delivered,Kavya Khan,Corporate,East,Bhubaneswar,Odisha,2025-06-06,26-35,0.16363636363636364,9000.0,Profit,2026,2026-05
ORD02943,2025-11-02,CUST0229,Electronics,Monitor,5.0,0.1,81000.0,10327.57,Cash on Delivery,Delivered,Harini Chopra,Consumer,South,Bengaluru,Karnataka,2025-05-19,26-35,0.12750086419753087,2065.514,Profit,2025,2025-11
ORD02944,2025-10-28,CUST0172,Electronics,Laptop,3.0,0.15,140250.0,-88427.01,Cash on Delivery,Returned,Shreya Nair,Consumer,West,Mumbai,Maharashtra,2025-02-26,36-50,-0.630495614973262,-29475.67,Loss,2025,2025-10
ORD02949,2025-11-27,CUST0553,Electronics,Monitor,15.0,0.05,256500.0,41994.11,Card,Delivered,Diya Mishra,Home Office,South,Coimbatore,Tamil Nadu,2025-01-24,36-50,0.16371972709551658,2799.6073333333334,Profit,2025,2025-11
ORD02957,2026-04-04,CUST0514,Furniture,Office Chair,15.0,0.1,121500.0,26579.08,Cash on Delivery,Delivered,Manoj Iyer,Consumer,North,Lucknow,Uttar Pradesh,2023-09-19,36-50,0.21875786008230455,1771.9386666666667,Profit,2026,2026-04
ORD02986,2026-08-21,CUST0574,Electronics,Laptop,5.0,0.15,233750.0,22788.85,Cash on Delivery,Delivered,Akash Kulkarni,Corporate,West,Pune,Maharashtra,2025-11-01,51+,0.09749240641711229,4557.7699999999995,Profit,2026,2026-08
ORD02999,2026-05-28,CUST0475,Electronics,Laptop,3.0,0.1,148500.0,13701.93,UPI,Delivered,Divya Verma,Consumer,South,Bengaluru,Karnataka,2025-12-10,26-35,0.09226888888888889,4567.31,Profit,2026,2026-05
ORD03002,2025-11-10,CUST0179,Electronics,Laptop,3.0,0.0,165000.0,27000.0,Cash on Delivery,Delivered,Akash Pillai,Consumer,West,Pune,Maharashtra,2024-09-14,51+,0.16363636363636364,9000.0,Profit,2025,2025-11
ORD03039,2026-08-04,CUST0557,Electronics,Laptop,2.0,0.15,93500.0,10395.62,Cash on Delivery,Delivered,Divya Mishra,Consumer,North,Lucknow,Uttar Pradesh,2024-11-08,18-25,0.11118310160427808,5197.81,Profit,2026,2026-08
ORD03067,2025-11-21,CUST0220,Electronics,Laptop,6.0,0.15,280500.0,23183.18,NetBanking,Delivered,Pooja Kulkarni,Consumer,West,Surat,Gujarat,2024-05-02,18-25,0.08264948306595366,3863.8633333333332,Profit,2025,2025-11
ORD03085,2026-02-05,CUST0071,Electronics,Laptop,3.0,0.15,140250.0,7546.89,Card,Delivered,Sneha Nair,Corporate,North,Jaipur,Rajasthan,2025-08-08,26-35,0.053810267379679144,2515.63,Profit,2026,2026-02
ORD03094,2026-08-05,CUST0193,Electronics,Laptop,4.0,0.1,198000.0,20772.9,Cash on Delivery,Delivered,Ananya Gupta,Consumer,West,Pune,Maharashtra,2024-05-12,36-50,0.10491363636363638,5193.225,Profit,2026,2026-08
ORD03138,2026-01-27,CUST0516,Electronics,Laptop,2.0,0.1,99000.0,11165.99,NetBanking,Shipped,Rahul Mishra,Corporate,South,Hyderabad,Telangana,2024-01-31,26-35,0.11278777777777778,5582.995,Profit,2026,2026-01
ORD03172,2025-09-24,CUST0463,Furniture,Office Chair,10.0,0.0,90000.0,-15768.69,NetBanking,Returned,Shreya Patel,Consumer,South,Coimbatore,Tamil Nadu,2024-02-20,51+,-0.17520766666666668,-1576.8690000000001,Loss,2025,2025-09
ORD03173,2025-09-13,CUST0051,Electronics,Laptop,2.0,0.1,99000.0,9898.46,Cash on Delivery,Delivered,Aditya Sharma,Consumer,East,Guwahati,Assam,2025-06-30,26-35,0.09998444444444443,4949.23,Profit,2025,2025-09
ORD03191,2025-11-07,CUST0423,Electronics,Laptop,3.0,0.2,132000.0,10790.48,Cash on Delivery,Delivered,Rohan Nair,Consumer,North,Chandigarh,Chandigarh,2023-06-08,51+,0.0817460606060606,3596.8266666666664,Profit,2025,2025-11
ORD03199,2025-08-26,CUST0306,Electronics,Laptop,5.0,0.05,261250.0,34280.77,NetBanking,Delivered,Aditya Das,Consumer,North,Lucknow,Uttar Pradesh,2023-04-26,18-25,0.13121825837320572,6856.1539999999995,Profit,2025,2025-08
ORD03218,2025-08-04,CUST0353,Electronics,Laptop,2.0,0.05,104500.0,13899.59,Card,Delivered,Aditya Iyer,Home Office,South,Hyderabad,Telangana,2024-08-21,36-50,0.13301043062200957,6949.795,Profit,2025,2025-08
ORD03235,2025-12-09,CUST0485,Electronics,Laptop,2.0,0.15,93500.0,-24045.27,UPI,Cancelled,Lakshmi Patel,Consumer,North,Jaipur,Rajasthan,2024-10-30,26-35,-0.2571686631016043,-12022.635,Loss,2025,2025-12
ORD03267,2026-03-17,CUST0551,Furniture,Cabinet,15.0,0.1,175500.0,32340.69,Cash on Delivery,Delivered,Ishaan Gupta,Consumer,East,Patna,Bihar,2025-08-09,26-35,0.1842774358974359,2156.046,Profit,2026,2026-03
ORD03286,2025-08-03,CUST0552,Electronics,Laptop,3.0,0.1,148500.0,17163.98,UPI,Delivered,Rahul Pillai,Consumer,West,Mumbai,Maharashtra,2024-11-20,26-35,0.1155823569023569,5721.326666666667,Profit,2025,2025-08
ORD03312,2026-04-25,CUST0135,Electronics,Laptop,2.0,0.1,99000.0,9422.97,Card,Shipped,Sneha Patel,Consumer,North,Delhi,Delhi,2024-07-08,36-50,0.09518151515151514,4711.485,Profit,2026,2026-04
ORD03326,2025-08-11,CUST0598,Electronics,Laptop,5.0,0.2,220000.0,10699.64,Cash on Delivery,Shipped,Arjun Das,Consumer,South,Hyderabad,Telangana,2024-07-07,36-50,0.04863472727272727,2139.928,Profit,2025,2025-08
ORD03327,2025-09-03,CUST0224,Electronics,Laptop,2.0,0.05,104500.0,15282.14,Card,Delivered,Varun Menon,Corporate,West,Mumbai,Maharashtra,2023-02-06,18-25,0.1462405741626794,7641.07,Profit,2025,2025-09
ORD03341,2025-07-13,CUST0319,Electronics,Laptop,6.0,0.1,297000.0,-79927.11,Card,Cancelled,Vikram Sharma,Consumer,South,Bengaluru,Karnataka,2024-01-16,26-35,-0.2691148484848485,-13321.185,Loss,2025,2025-07
ORD03355,2026-02-09,CUST0362,Furniture,Office Chair,15.0,0.1,121500.0,27148.1,Card,Delivered,Karthik Joshi,Consumer,South,Coimbatore,Tamil Nadu,2025-09-08,26-35,0.22344115226337447,1809.8733333333332,Profit,2026,2026-02
ORD03374,2025-12-07,CUST0081,Electronics,Laptop,6.0,0.0,330000.0,-89540.67,Cash on Delivery,Cancelled,Ananya Rao,Home Office,South,Chennai,Tamil Nadu,2023-10-09,36-50,-0.2713353636363636,-14923.445,Loss,2025,2025-12
ORD03377,2025-07-02,CUST0398,Electronics,Monitor,5.0,0.1,81000.0,-34496.3,Cash on Delivery,Cancelled,Meera Gupta,Corporate,East,Bhubaneswar,Odisha,2024-02-27,36-50,-0.4258802469135803,-6899.26,Loss,2025,2025-07
ORD03393,2026-03-09,CUST0207,Furniture,Desk,6.0,0.0,90000.0,21000.0,NetBanking,Delivered,Divya Chopra,Consumer,West,Pune,Maharashtra,2025-03-02,26-35,0.23333333333333334,3500.0,Profit,2026,2026-03
ORD03397,2025-12-21,CUST0155,Electronics,Laptop,4.0,0.1,198000.0,24900.02,Cash on Delivery,Shipped,Ishaan Sharma,Consumer,South,Bengaluru,Karnataka,2023-07-08,26-35,0.12575767676767677,6225.005,Profit,2025,2025-12
ORD03402,2026-06-19,CUST0123,Electronics,Monitor,6.0,0.0,108000.0,-41364.59,NetBanking,Returned,Aarav Sharma,Corporate,North,Delhi,Delhi,2023-01-19,26-35,-0.38300546296296295,-6894.098333333332,Loss,2026,2026-06
ORD03410,2026-07-14,CUST0057,Electronics,Laptop,3.0,0.0,165000.0,27000.0,Card,Delivered,Akash Singh,Home Office,North,Chandigarh,Chandigarh,2024-12-21,26-35,0.16363636363636364,9000.0,Profit,2026,2026-07
ORD03419,2026-04-13,CUST0195,Electronics,Laptop,5.0,0.15,233750.0,11104.97,Card,Delivered,Nisha Kulkarni,Corporate,South,Coimbatore,Tamil Nadu,2024-04-23,18-25,0.04750789304812834,2220.9939999999997,Profit,2026,2026-04
ORD03430,2025-11-06,CUST0518,Electronics,Monitor,6.0,0.0,108000.0,-9139.43,Cash on Delivery,Returned,Nisha Patel,Home Office,North,Jaipur,Rajasthan,2025-04-19,36-50,-0.08462435185185185,-1523.2383333333335,Loss,2025,2025-11
ORD03436,2025-12-03,CUST0298,Electronics,Laptop,2.0,0.05,104500.0,14430.2,UPI,Delivered,Diya Joshi,Consumer,South,Chennai,Tamil Nadu,2025-01-10,18-25,0.13808803827751198,7215.1,Profit,2025,2025-12
ORD03452,2026-08-05,CUST0323,Electronics,Laptop,5.0,0.1,247500.0,31282.74,Cash on Delivery,Delivered,Manoj Menon,Home Office,East,Patna,Bihar,2023-04-08,36-50,0.12639490909090909,6256.548000000001,Profit,2026,2026-08
ORD03470,2025-08-26,CUST0083,Electronics,Laptop,4.0,0.05,209000.0,26917.77,Cash on Delivery,Delivered,Nisha Singh,Consumer,South,Bengaluru,Karnataka,2024-07-24,26-35,0.12879315789473683,6729.4425,Profit,2025,2025-08
ORD03483,2025-07-04,CUST0027,Electronics,Laptop,4.0,0.05,209000.0,-22567.37,UPI,Cancelled,Sanjay Gupta,Consumer,North,Delhi,Delhi,2024-08-19,36-50,-0.10797784688995214,-5641.8425,Loss,2025,2025-07
ORD03484,2026-02-25,CUST0425,Furniture,Bookshelf,10.0,0.0,110000.0,26000.0,Card,Shipped,Lakshmi Mishra,Consumer,East,Bhubaneswar,Odisha,2024-08-12,26-35,0.23636363636363636,2600.0,Profit,2026,2026-02
ORD03509,2025-10-04,CUST0114,Electronics,Laptop,3.0,0.05,156750.0,-67614.33,Cash on Delivery,Returned,Aarav Reddy,Corporate,South,Coimbatore,Tamil Nadu,2023-11-15,18-25,-0.4313513875598086,-22538.11,Loss,2025,2025-10
ORD03524,2026-04-25,CUST0411,Electronics,Laptop,10.0,0.0,550000.0,90000.0,Cash on Delivery,Delivered,Arjun Mehta,Corporate,South,Bengaluru,Karnataka,2023-02-18,36-50,0.16363636363636364,9000.0,Profit,2026,2026-04
ORD03526,2026-05-05,CUST0496,Electronics,Laptop,2.0,0.1,99000.0,10131.95,UPI,Delivered,Akash Pillai,Consumer,East,Bhubaneswar,Odisha,2024-06-06,36-50,0.1023429292929293,5065.975,Profit,2026,2026-05
ORD03559,2025-08-25,CUST0112,Electronics,Monitor,6.0,0.15,91800.0,9090.2,NetBanking,Delivered,Akash Khan,Consumer,West,Pune,Maharashtra,2025-03-04,26-35,0.09902178649237474,1515.0333333333335,Profit,2025,2025-08
ORD03566,2026-01-22,CUST0089,Electronics,Laptop,3.0,0.05,156750.0,20961.55,Cash on Delivery,Delivered,Akash Gupta,Home Office,North,Jaipur,Rajasthan,2025-10-05,26-35,0.13372599681020733,6987.183333333333,Profit,2026,2026-01
ORD03601,2026-06-13,CUST0170,Electronics,Keyboard,150.0,0.0,6187500.0,-309375.0,Cash on Delivery,Delivered,Meera Iyer,Home Office,South,Hyderabad,Telangana,2025-04-02,36-50,-0.05,-2062.5,Loss,2026,2026-06
ORD03635,2026-01-19,CUST0359,Electronics,Laptop,4.0,0.15,187000.0,-37556.92,NetBanking,Cancelled,Ananya Mishra,Consumer,South,Bengaluru,Karnataka,2024-05-22,26-35,-0.20083914438502673,-9389.23,Loss,2026,2026-01
ORD03641,2025-07-09,CUST0314,Office Supplies,Printer,6.0,0.0,84000.0,16800.0,Card,Delivered,Aarav Mishra,Consumer,South,Bengaluru,Karnataka,2025-10-30,26-35,0.2,2800.0,Profit,2025,2025-07
ORD03652,2026-02-13,CUST0097,Electronics,Monitor,5.0,0.1,81000.0,-29180.75,UPI,Returned,Manoj Patel,Home Office,West,Pune,Maharashtra,2023-09-25,26-35,-0.3602561728395062,-5836.15,Loss,2026,2026-02
ORD03658,2025-11-03,CUST0014,Electronics,Laptop,2.0,0.1,99000.0,11656.85,NetBanking,Delivered,Lakshmi Verma,Home Office,South,Chennai,Tamil Nadu,2024-11-24,36-50,0.1177459595959596,5828.425,Profit,2025,2025-11
ORD03662,2026-03-23,CUST0072,Electronics,Laptop,2.0,0.0,110000.0,18000.0,NetBanking,Delivered,Shreya Nair,Consumer,West,Surat,Gujarat,2025-09-16,26-35,0.16363636363636364,9000.0,Profit,2026,2026-03
ORD03670,2026-04-11,CUST0356,Office Supplies,Printer,6.0,0.0,84000.0,16800.0,Cash on Delivery,Delivered,Manoj Gupta,Consumer,North,Chandigarh,Chandigarh,2023-08-04,26-35,0.2,2800.0,Profit,2026,2026-04
ORD03694,2025-07-17,CUST0388,Furniture,Cabinet,6.0,0.0,78000.0,19200.0,UPI,Delivered,Shreya Kulkarni,Consumer,South,Bengaluru,Karnataka,2025-08-28,36-50,0.24615384615384617,3200.0,Profit,2025,2025-07
ORD03701,2026-06-04,CUST0075,Accessories,Usb Hub,80.0,0.1,936000.0,-74880.0,Card,Returned,Karthik Sharma,Consumer,South,Bengaluru,Karnataka,2025-09-08,36-50,-0.08,-936.0,Loss,2026,2026-06
ORD03746,2026-03-15,CUST0234,Electronics,Laptop,2.0,0.1,99000.0,-19186.86,NetBanking,Returned,Ishaan Sharma,Consumer,North,Jaipur,Rajasthan,2024-04-02,26-35,-0.19380666666666668,-9593.43,Loss,2026,2026-03
ORD03772,2025-12-25,CUST0407,Office Supplies,Printer,10.0,0.1,126000.0,18150.56,NetBanking,Delivered,Sneha Verma,Home Office,North,Lucknow,Uttar Pradesh,2024-09-16,36-50,0.1440520634920635,1815.056,Profit,2025,2025-12
ORD03798,2026-01-10,CUST0014,Electronics,Laptop,2.0,0.1,99000.0,-44487.19,Card,Returned,Lakshmi Verma,Home Office,South,Chennai,Tamil Nadu,2024-11-24,36-50,-0.4493655555555556,-22243.595,Loss,2026,2026-01
ORD03807,2026-06-12,CUST0461,Furniture,Bookshelf,10.0,0.1,99000.0,18188.54,Card,Delivered,Shreya Sharma,Consumer,West,Mumbai,Maharashtra,2024-05-10,26-35,0.18372262626262628,1818.854,Profit,2026,2026-06
ORD03808,2025-12-13,CUST0098,Electronics,Laptop,2.0,0.0,110000.0,18000.0,UPI,Delivered,Diya Reddy,Home Office,North,Chandigarh,Chandigarh,2024-10-06,26-35,0.16363636363636364,9000.0,Profit,2025,2025-12
ORD03809,2026-02-15,CUST0211,Electronics,Monitor,5.0,0.1,81000.0,12309.71,NetBanking,Delivered,Akash Kulkarni,Consumer,West,Surat,Gujarat,2024-06-07,36-50,0.1519717283950617,2461.942,Profit,2026,2026-02
ORD03827,2025-12-26,CUST0383,Furniture,Cabinet,6.0,0.0,78000.0,-29414.69,Cash on Delivery,Returned,Arjun Mehta,Consumer,South,Chennai,Tamil Nadu,2024-05-07,51+,-0.37711141025641026,-4902.448333333333,Loss,2025,2025-12
ORD03828,2026-05-23,CUST0432,Electronics,Laptop,2.0,0.0,110000.0,18000.0,Card,Delivered,Pooja Singh,Corporate,South,Coimbatore,Tamil Nadu,2023-02-17,18-25,0.16363636363636364,9000.0,Profit,2026,2026-05
ORD03831,2025-12-03,CUST0223,Electronics,Laptop,3.0,0.1,148500.0,14121.78,UPI,Shipped,Akash Bose,Consumer,South,Chennai,Tamil Nadu,2023-12-31,18-25,0.09509616161616162,4707.26,Profit,2025,2025-12
ORD03832,2025-08-09,CUST0160,Electronics,Laptop,2.0,0.0,110000.0,18000.0,NetBanking,Delivered,Divya Sharma,Home Office,South,Bengaluru,Karnataka,2024-09-25,18-25,0.16363636363636364,9000.0,Profit,2025,2025-08
ORD03835,2026-02-12,CUST0577,Electronics,Laptop,2.0,0.1,99000.0,12528.76,UPI,Delivered,Lakshmi Joshi,Corporate,West,Ahmedabad,Gujarat,2024-09-03,26-35,0.1265531313131313,6264.38,Profit,2026,2026-02
ORD03843,2026-05-18,CUST0461,Electronics,Laptop,4.0,0.0,220000.0,36000.0,Cash on Delivery,Shipped,Shreya Sharma,Consumer,West,Mumbai,Maharashtra,2024-05-10,26-35,0.16363636363636364,9000.0,Profit,2026,2026-05
ORD03850,2025-09-22,CUST0358,Electronics,Laptop,6.0,0.1,297000.0,26317.73,NetBanking,Delivered,Sanjay Das,Consumer,South,Hyderabad,Telangana,2025-08-29,18-25,0.08861188552188552,4386.288333333333,Profit,2025,2025-09
ORD03882,2026-02-27,CUST0565,Electronics,Laptop,6.0,0.1,297000.0,36237.9,UPI,Shipped,Rahul Bose,Consumer,South,Coimbatore,Tamil Nadu,2024-03-26,51+,0.12201313131313132,6039.650000000001,Profit,2026,2026-02
ORD03888,2026-08-06,CUST0349,Electronics,Laptop,2.0,0.0,110000.0,18000.0,NetBanking,Delivered,Aarav Nair,Corporate,South,Hyderabad,Telangana,2025-07-22,26-35,0.16363636363636364,9000.0,Profit,2026,2026-08
ORD03904,2025-12-21,CUST0337,Electronics,Laptop,2.0,0.05,104500.0,13483.93,NetBanking,Delivered,Varun Das,Corporate,East,Kolkata,West Bengal,2023-06-16,51+,0.12903282296650717,6741.965,Profit,2025,2025-12
ORD03911,2025-10-04,CUST0567,Electronics,Laptop,4.0,0.0,220000.0,36000.0,Card,Delivered,Ananya Chopra,Home Office,West,Pune,Maharashtra,2025-09-20,26-35,0.16363636363636364,9000.0,Profit,2025,2025-10
ORD03917,2025-10-28,CUST0516,Electronics,Laptop,3.0,0.0,165000.0,27000.0,UPI,Delivered,Rahul Mishra,Corporate,South,Hyderabad,Telangana,2024-01-31,26-35,0.16363636363636364,9000.0,Profit,2025,2025-10
ORD03927,2026-06-28,CUST0586,Electronics,Laptop,4.0,0.2,176000.0,14513.21,NetBanking,Delivered,Sanjay Mehta,Corporate,South,Chennai,Tamil Nadu,2023-09-11,26-35,0.08246142045454545,3628.3025,Profit,2026,2026-06
ORD03943,2025-07-01,CUST0068,Electronics,Laptop,2.0,0.1,99000.0,13012.19,NetBanking,Delivered,Harini Pillai,Corporate,East,Guwahati,Assam,2024-04-08,36-50,0.13143626262626262,6506.095,Profit,2025,2025-07
ORD04012,2026-07-19,CUST0213,Electronics,Laptop,3.0,0.1,148500.0,13940.5,NetBanking,Delivered,Shreya Bose,Corporate,North,Lucknow,Uttar Pradesh,2025-03-13,26-35,0.09387542087542088,4646.833333333333,Profit,2026,2026-07
ORD04049,2025-09-12,CUST0235,Electronics,Laptop,5.0,0.2,220000.0,12133.16,Cash on Delivery,Delivered,Harini Gupta,Consumer,West,Pune,Maharashtra,2024-04-09,26-35,0.055150727272727275,2426.632,Profit,2025,2025-09
ORD04052,2025-12-03,CUST0587,Electronics,Monitor,5.0,0.05,85500.0,15244.07,Card,Delivered,Ishaan Kulkarni,Home Office,East,Guwahati,Assam,2025-01-05,26-35,0.178293216374269,3048.814,Profit,2025,2025-12
ORD04053,2026-05-15,CUST0385,Furniture,Desk,6.0,0.05,85500.0,17845.15,NetBanking,Shipped,Karthik Singh,Consumer,South,Coimbatore,Tamil Nadu,2023-06-06,26-35,0.2087152046783626,2974.191666666667,Profit,2026,2026-05
ORD04066,2025-11-15,CUST0138,Electronics,Laptop,3.0,0.05,156750.0,22802.44,UPI,Delivered,Diya Bose,Home Office,North,Chandigarh,Chandigarh,2025-04-15,51+,0.1454701116427432,7600.813333333333,Profit,2025,2025-11
ORD04067,2026-07-09,CUST0066,Electronics,Laptop,2.0,0.1,99000.0,11230.75,Cash on Delivery,Delivered,Aarav Gupta,Consumer,North,Jaipur,Rajasthan,2024-06-18,51+,0.11344191919191919,5615.375,Profit,2026,2026-07
ORD04088,2026-01-10,CUST0173,Electronics,Laptop,3.0,0.1,148500.0,14711.17,UPI,Shipped,Rohan Rao,Corporate,South,Bengaluru,Karnataka,2024-03-17,18-25,0.09906511784511784,4903.723333333333,Profit,2026,2026-01
ORD04113,2026-05-11,CUST0029,Electronics,Laptop,2.0,0.05,104500.0,14093.66,NetBanking,Delivered,Rohan Kulkarni,Consumer,West,Mumbai,Maharashtra,2023-04-17,36-50,0.13486755980861242,7046.83,Profit,2026,2026-05
ORD04119,2026-03-18,CUST0166,Electronics,Laptop,3.0,0.1,148500.0,-70315.86,NetBanking,Cancelled,Arjun Gupta,Home Office,South,Chennai,Tamil Nadu,2024-10-19,18-25,-0.47350747474747473,-23438.62,Loss,2026,2026-03
ORD04124,2026-04-03,CUST0039,Electronics,Laptop,3.0,0.1,148500.0,-32085.32,UPI,Returned,Varun Joshi,Consumer,South,Coimbatore,Tamil Nadu,2025-08-21,51+,-0.21606276094276095,-10695.106666666667,Loss,2026,2026-04
ORD04125,2026-05-23,CUST0173,Electronics,Monitor,6.0,0.15,91800.0,9330.82,Cash on Delivery,Delivered,Rohan Rao,Corporate,South,Bengaluru,Karnataka,2024-03-17,18-25,0.10164291938997821,1555.1366666666665,Profit,2026,2026-05
ORD04147,2026-04-25,CUST0179,Furniture,Bookshelf,10.0,0.05,104500.0,23025.14,Cash on Delivery,Delivered,Akash Pillai,Consumer,West,Pune,Maharashtra,2024-09-14,51+,0.22033626794258374,2302.514,Profit,2026,2026-04
ORD04156,2026-07-03,CUST0189,Electronics,Laptop,4.0,0.15,187000.0,10637.43,Card,Delivered,Kavya Pillai,Home Office,West,Mumbai,Maharashtra,2023-12-12,18-25,0.056884652406417116,2659.3575,Profit,2026,2026-07
ORD04162,2026-07-31,CUST0431,Electronics,Laptop,3.0,0.3,115500.0,441.1,Cash on Delivery,Delivered,Manoj Naidu,Corporate,South,Bengaluru,Karnataka,2023-01-16,36-50,0.003819047619047619,147.03333333333333,Profit,2026,2026-07
ORD04225,2025-10-11,CUST0359,Furniture,Office Chair,10.0,0.1,81000.0,17237.25,UPI,Delivered,Ananya Mishra,Consumer,South,Bengaluru,Karnataka,2024-05-22,26-35,0.21280555555555555,1723.725,Profit,2025,2025-10
ORD04229,2026-07-24,CUST0557,Electronics,Laptop,2.0,0.1,99000.0,12678.64,NetBanking,Delivered,Divya Mishra,Consumer,North,Lucknow,Uttar Pradesh,2024-11-08,18-25,0.1280670707070707,6339.32,Profit,2026,2026-07
ORD04244,2026-04-25,CUST0291,Electronics,Laptop,2.0,0.05,104500.0,14753.9,Card,Shipped,Divya Chopra,Corporate,South,Bengaluru,Karnataka,2023-10-19,18-25,0.14118564593301436,7376.95,Profit,2026,2026-04
ORD04253,2025-12-30,CUST0574,Electronics,Laptop,2.0,0.1,99000.0,11468.76,Card,Delivered,Akash Kulkarni,Corporate,West,Pune,Maharashtra,2025-11-01,51+,0.1158460606060606,5734.38,Profit,2025,2025-12
ORD04267,2025-08-10,CUST0177,Electronics,Monitor,6.0,0.0,108000.0,21000.0,NetBanking,Delivered,Lakshmi Mehta,Home Office,West,Mumbai,Maharashtra,2023-11-03,26-35,0.19444444444444445,3500.0,Profit,2025,2025-08
ORD04273,2025-08-21,CUST0031,Electronics,Laptop,4.0,0.1,198000.0,18617.65,Card,Delivered,Priya Mishra,Home Office,South,Bengaluru,Karnataka,2023-05-09,51+,0.09402853535353536,4654.4125,Profit,2025,2025-08
ORD04276,2026-01-18,CUST0545,Electronics,Laptop,3.0,0.2,132000.0,2632.57,UPI,Shipped,Manoj Mehta,Home Office,South,Chennai,Tamil Nadu,2025-12-28,26-35,0.019943712121212123,877.5233333333334,Profit,2026,2026-01
ORD04301,2025-09-28,CUST0208,Electronics,Laptop,3.0,0.05,156750.0,-32000.0,UPI,Delivered,Sneha Pillai,Consumer,South,Hyderabad,Telangana,2025-02-01,26-35,-0.20414673046251994,-10666.666666666666,Loss,2025,2025-09
ORD04307,2026-02-06,CUST0418,Electronics,Laptop,2.0,0.15,93500.0,10520.13,Card,Delivered,Pooja Menon,Home Office,West,Pune,Maharashtra,2023-08-14,18-25,0.11251475935828877,5260.065,Profit,2026,2026-02
ORD04320,2025-09-04,CUST0086,Electronics,Monitor,10.0,0.15,153000.0,12105.71,NetBanking,Delivered,Pooja Khan,Home Office,West,Chennai,Maharashtra,2023-05-28,36-50,0.07912228758169934,1210.571,Profit,2025,2025-09
ORD04322,2026-05-04,CUST0116,Electronics,Laptop,3.0,0.05,156750.0,21645.0,Card,Delivered,Meera Gupta,Corporate,East,Patna,Bihar,2023-01-02,26-35,0.13808612440191387,7215.0,Profit,2026,2026-05
ORD04342,2026-07-29,CUST0373,Electronics,Laptop,2.0,0.05,104500.0,14107.83,Card,Delivered,Karthik Sharma,Corporate,West,Ahmedabad,Gujarat,2023-12-05,51+,0.13500315789473685,7053.915,Profit,2026,2026-07
ORD04354,2026-08-11,CUST0553,Electronics,Laptop,2.0,0.0,110000.0,18000.0,NetBanking,Delivered,Diya Mishra,Home Office,South,Coimbatore,Tamil Nadu,2025-01-24,36-50,0.16363636363636364,9000.0,Profit,2026,2026-08
ORD04359,2025-08-11,CUST0225,Electronics,Laptop,3.0,0.15,140250.0,7697.36,NetBanking,Delivered,Meera Khan,Home Office,South,Coimbatore,Tamil Nadu,2025-12-18,26-35,0.05488313725490196,2565.7866666666664,Profit,2025,2025-08
ORD04370,2026-08-24,CUST0304,Electronics,Laptop,2.0,0.0,110000.0,-49105.56,Cash on Delivery,Returned,Ishaan Khan,Home Office,South,Bengaluru,Karnataka,2024-12-10,26-35,-0.4464141818181818,-24552.78,Loss,2026,2026-08
ORD04410,2026-05-02,CUST0415,Electronics,Laptop,4.0,0.0,220000.0,36000.0,UPI,Shipped,Manoj Bose,Corporate,South,Bengaluru,Karnataka,2024-07-04,36-50,0.16363636363636364,9000.0,Profit,2026,2026-05
ORD04420,2026-03-04,CUST0142,Electronics,Laptop,3.0,0.15,140250.0,6854.99,NetBanking,Delivered,Pooja Bose,Consumer,West,Surat,Gujarat,2025-05-21,51+,0.04887693404634581,2284.9966666666664,Profit,2026,2026-03
ORD04430,2026-08-10,CUST0126,Electronics,Laptop,2.0,0.0,110000.0,-13017.42,NetBanking,Cancelled,Manoj Mehta,Corporate,South,Bengaluru,Karnataka,2025-10-04,36-50,-0.11834018181818182,-6508.71,Loss,2026,2026-08
ORD04437,2026-05-17,CUST0044,Electronics,Laptop,5.0,0.3,192500.0,-52954.13,NetBanking,Cancelled,Rahul Rao,Consumer,West,Pune,Maharashtra,2025-07-18,36-50,-0.2750863896103896,-10590.826,Loss,2026,2026-05
ORD04447,2026-07-29,CUST0034,Electronics,Monitor,5.0,0.0,90000.0,17500.0,NetBanking,Delivered,Meera Bose,Consumer,West,Ahmedabad,Gujarat,2023-01-29,18-25,0.19444444444444445,3500.0,Profit,2026,2026-07
ORD04454,2026-04-11,CUST0031,Electronics,Laptop,3.0,0.1,148500.0,18644.15,UPI,Delivered,Priya Mishra,Home Office,South,Bengaluru,Karnataka,2023-05-09,51+,0.12554983164983166,6214.716666666667,Profit,2026,2026-04
ORD04482,2025-07-16,CUST0243,Electronics,Laptop,5.0,0.0,275000.0,45000.0,UPI,Delivered,Manoj Das,Corporate,East,Kolkata,West Bengal,2023-02-23,26-35,0.16363636363636364,9000.0,Profit,2025,2025-07
ORD04486,2026-05-02,CUST0065,Electronics,Monitor,6.0,0.0,108000.0,21000.0,NetBanking,Delivered,Sneha Singh,Consumer,South,Hyderabad,Telangana,2023-03-24,18-25,0.19444444444444445,3500.0,Profit,2026,2026-05
ORD04489,2026-08-26,CUST0244,Electronics,Laptop,5.0,0.15,233750.0,24787.76,UPI,Delivered,Ishaan Khan,Consumer,South,Bengaluru,Karnataka,2024-01-08,36-50,0.10604389304812833,4957.552,Profit,2026,2026-08
ORD04496,2026-05-14,CUST0119,Office Supplies,Printer,15.0,0.1,189000.0,-46983.72,NetBanking,Returned,Divya Naidu,Corporate,South,Coimbatore,Tamil Nadu,2023-05-25,36-50,-0.24859111111111112,-3132.248,Loss,2026,2026-05
ORD04501,2025-08-13,CUST0061,Electronics,Laptop,4.0,0.1,198000.0,21767.75,UPI,Delivered,Meera Kulkarni,Consumer,South,Bengaluru,Karnataka,2024-11-07,18-25,0.10993813131313131,5441.9375,Profit,2025,2025-08
ORD04506,2025-11-22,CUST0541,Electronics,Laptop,4.0,0.1,198000.0,21672.78,Cash on Delivery,Shipped,Rahul Mishra,Consumer,East,Kolkata,West Bengal,2025-05-13,51+,0.10945848484848485,5418.195,Profit,2025,2025-11
ORD04508,2025-10-10,CUST0229,Electronics,Monitor,10.0,0.0,180000.0,35000.0,UPI,Delivered,Harini Chopra,Consumer,South,Bengaluru,Karnataka,2025-05-19,26-35,0.19444444444444445,3500.0,Profit,2025,2025-10
ORD04525,2025-09-26,CUST0244,Electronics,Laptop,4.0,0.15,187000.0,15762.07,NetBanking,Delivered,Ishaan Khan,Consumer,South,Bengaluru,Karnataka,2024-01-08,36-50,0.08428914438502674,3940.5175,Profit,2025,2025-09
ORD04528,2025-08-05,CUST0250,Electronics,Laptop,10.0,0.0,550000.0,90000.0,NetBanking,Delivered,Sanjay Das,Corporate,West,Ahmedabad,Gujarat,2024-08-01,26-35,0.16363636363636364,9000.0,Profit,2025,2025-08
ORD04529,2026-05-30,CUST0411,Electronics,Laptop,4.0,0.1,198000.0,25408.59,Cash on Delivery,Delivered,Arjun Mehta,Corporate,South,Bengaluru,Karnataka,2023-02-18,36-50,0.12832621212121212,6352.1475,Profit,2026,2026-05
ORD04533,2026-05-28,CUST0412,Electronics,Laptop,15.0,0.0,825000.0,135000.0,NetBanking,Delivered,Akash Khan,Consumer,South,Chennai,Tamil Nadu,2025-03-27,26-35,0.16363636363636364,9000.0,Profit,2026,2026-05
ORD04579,2026-06-05,CUST0103,Furniture,Cabinet,10.0,0.1,117000.0,23796.99,Card,Delivered,Rohan Rao,Consumer,South,Bengaluru,Karnataka,2023-11-09,36-50,0.20339307692307693,2379.699,Profit,2026,2026-06
ORD04597,2025-08-07,CUST0335,Electronics,Laptop,4.0,0.15,187000.0,8901.32,UPI,Delivered,Diya Pillai,Consumer,South,Bengaluru,Karnataka,2025-05-24,36-50,0.04760064171122994,2225.33,Profit,2025,2025-08
ORD04612,2026-08-05,CUST0128,Electronics,Monitor,6.0,0.0,108000.0,21000.0,Cash on Delivery,Delivered,Sneha Mishra,Home Office,South,Chennai,Tamil Nadu,2024-09-12,36-50,0.19444444444444445,3500.0,Profit,2026,2026-08
ORD04635,2026-06-18,CUST0291,Electronics,Laptop,15.0,0.05,783750.0,102017.21,UPI,Delivered,Divya Chopra,Corporate,South,Bengaluru,Karnataka,2023-10-19,18-25,0.13016549920255185,6801.147333333333,Profit,2026,2026-06
ORD04644,2026-08-01,CUST0283,Electronics,Laptop,2.0,0.05,104500.0,14388.27,Card,Delivered,Manoj Gupta,Consumer,West,Surat,Gujarat,2025-04-15,36-50,0.1376867942583732,7194.135,Profit,2026,2026-08
ORD04648,2025-11-28,CUST0351,Electronics,Monitor,5.0,0.0,90000.0,17500.0,UPI,Delivered,Aarav Naidu,Consumer,South,Hyderabad,Telangana,2024-09-17,26-35,0.19444444444444445,3500.0,Profit,2025,2025-11
ORD04673,2026-01-11,CUST0572,Electronics,Monitor,15.0,0.05,256500.0,44841.82,Card,Delivered,Manoj Kulkarni,Corporate,North,Lucknow,Uttar Pradesh,2024-03-30,18-25,0.174821910331384,2989.4546666666665,Profit,2026,2026-01
ORD04676,2026-08-31,CUST0302,Electronics,Laptop,2.0,0.2,88000.0,6418.2,Cash on Delivery,Delivered,Ananya Iyer,Consumer,West,Pune,Maharashtra,2025-09-02,26-35,0.0729340909090909,3209.1,Profit,2026,2026-08
ORD04683,2026-06-29,CUST0516,Electronics,Laptop,4.0,0.05,209000.0,30371.17,NetBanking,Delivered,Rahul Mishra,Corporate,South,Hyderabad,Telangana,2024-01-31,26-35,0.14531660287081338,7592.7925,Profit,2026,2026-06
ORD04693,2026-03-06,CUST0426,Furniture,Cabinet,15.0,0.2,156000.0,23310.62,Card,Delivered,Sneha Rao,Corporate,North,Lucknow,Uttar Pradesh,2025-02-23,36-50,0.14942705128205128,1554.0413333333333,Profit,2026,2026-03
ORD04713,2025-12-05,CUST0483,Electronics,Laptop,2.0,0.0,110000.0,18000.0,NetBanking,Delivered,Harini Rao,Home Office,South,Bengaluru,Karnataka,2025-12-26,18-25,0.16363636363636364,9000.0,Profit,2025,2025-12
ORD04724,2026-07-11,CUST0100,Furniture,Office Chair,10.0,0.0,90000.0,23000.0,UPI,Delivered,Priya Singh,Corporate,South,Chennai,Tamil Nadu,2023-03-14,26-35,0.25555555555555554,2300.0,Profit,2026,2026-07
ORD04737,2025-07-16,CUST0459,Electronics,Laptop,3.0,0.0,165000.0,27000.0,Cash on Delivery,Delivered,Nisha Das,Consumer,North,Chandigarh,Chandigarh,2024-10-03,26-35,0.16363636363636364,9000.0,Profit,2025,2025-07
ORD04752,2026-05-14,CUST0095,Electronics,Monitor,5.0,0.1,81000.0,11925.16,NetBanking,Shipped,Manoj Rao,Corporate,East,Guwahati,Assam,2024-09-25,36-50,0.1472241975308642,2385.032,Profit,2026,2026-05
ORD04759,2026-05-25,CUST0017,Furniture,Bookshelf,10.0,0.05,104500.0,-21283.74,NetBanking,Returned,Varun Rao,Consumer,West,Surat,Gujarat,2025-10-21,26-35,-0.20367215311004785,-2128.3740000000003,Loss,2026,2026-05
ORD04770,2025-09-12,CUST0139,Electronics,Laptop,15.0,0.1,742500.0,94791.6,NetBanking,Delivered,Lakshmi Das,Corporate,West,Surat,Gujarat,2023-05-25,36-50,0.12766545454545455,6319.4400000000005,Profit,2025,2025-09
ORD04778,2025-12-03,CUST0531,Electronics,Laptop,3.0,0.15,140250.0,15538.61,Card,Delivered,Kavya Mishra,Home Office,South,Coimbatore,Tamil Nadu,2023-10-06,26-35,0.11079222816399287,5179.536666666667,Profit,2025,2025-12
ORD04787,2026-06-29,CUST0113,Electronics,Laptop,2.0,0.15,93500.0,7090.95,NetBanking,Delivered,Diya Pillai,Home Office,West,Ahmedabad,Gujarat,2024-08-29,26-35,0.07583903743315508,3545.475,Profit,2026,2026-06
ORD04833,2025-10-24,CUST0080,Electronics,Laptop,15.0,0.1,742500.0,-466318.83,NetBanking,Returned,Vikram Verma,Corporate,East,Patna,Bihar,2024-09-20,51+,-0.6280388282828283,-31087.922000000002,Loss,2025,2025-10
ORD04838,2026-06-26,CUST0343,Electronics,Monitor,6.0,0.1,97200.0,13402.56,Card,Delivered,Meera Iyer,Consumer,South,Bengaluru,Karnataka,2024-08-02,36-50,0.1378864197530864,2233.7599999999998,Profit,2026,2026-06
ORD04857,2025-12-17,CUST0489,Furniture,Office Chair,10.0,0.05,85500.0,19301.6,Cash on Delivery,Delivered,Kavya Das,Consumer,South,Coimbatore,Tamil Nadu,2024-03-29,26-35,0.22574970760233917,1930.1599999999999,Profit,2025,2025-12
ORD04872,2025-09-07,CUST0303,Electronics,Laptop,4.0,0.05,209000.0,28612.65,Card,Delivered,Aarav Sharma,Corporate,South,Bengaluru,Karnataka,2024-12-30,26-35,0.1369026315789474,7153.1625,Profit,2025,2025-09
ORD04929,2026-06-26,CUST0082,Electronics,Laptop,2.0,0.0,110000.0,18000.0,Cash on Delivery,Delivered,Sneha Singh,Home Office,East,Patna,Bihar,2024-05-04,36-50,0.16363636363636364,9000.0,Profit,2026,2026-06
ORD04931,2026-03-26,CUST0081,Electronics,Laptop,5.0,0.15,233750.0,13262.13,Cash on Delivery,Delivered,Ananya Rao,Home Office,South,Chennai,Tamil Nadu,2023-10-09,36-50,0.056736385026737966,2652.426,Profit,2026,2026-03
ORD04946,2026-07-06,CUST0162,Office Supplies,Printer,10.0,0.15,119000.0,14768.7,UPI,Delivered,Lakshmi Bose,Consumer,South,Bengaluru,Karnataka,2025-06-13,26-35,0.12410672268907563,1476.8700000000001,Profit,2026,2026-07
ORD04954,2026-01-17,CUST0430,Electronics,Laptop,6.0,0.05,313500.0,-101989.48,NetBanking,Returned,Akash Mishra,Consumer,East,Patna,Bihar,2023-02-09,36-50,-0.32532529505582136,-16998.246666666666,Loss,2026,2026-01
ORD04957,2026-06-25,CUST0363,Electronics,Laptop,2.0,0.1,99000.0,11430.44,Card,Delivered,Priya Patel,Corporate,South,Chennai,Tamil Nadu,2024-01-12,51+,0.11545898989898991,5715.22,Profit,2026,2026-06
ORD04970,2025-07-09,CUST0292,Electronics,Laptop,6.0,0.3,231000.0,-10140.14,UPI,Shipped,Sanjay Khan,Consumer,South,Bengaluru,Karnataka,2023-07-05,26-35,-0.04389670995670995,-1690.0233333333333,Loss,2025,2025-07
ORD04976,2026-03-27,CUST0597,Electronics,Laptop,2.0,0.1,99000.0,9402.57,NetBanking,Delivered,Harini Menon,Corporate,South,Hyderabad,Telangana,2025-05-09,51+,0.09497545454545454,4701.285,Profit,2026,2026-03
ORD04982,2025-07-05,CUST0086,Electronics,Laptop,2.0,0.2,88000.0,-33162.71,Card,Cancelled,Pooja Khan,Home Office,West,Chennai,Maharashtra,2023-05-28,36-50,-0.37684897727272726,-16581.355,Loss,2025,2025-07
ORD04993,2025-10-15,CUST0165,Electronics,Laptop,4.0,0.1,198000.0,22188.22,UPI,Delivered,Diya Mishra,Consumer,South,Hyderabad,Telangana,2025-04-25,51+,0.11206171717171717,5547.055,Profit,2025,2025-10
